afstemningsarea_navn;afgivne;stemmeberrettigede;opstillingskreds_navn;opstillingskreds_id;afstemningsarea_id;Dansk Folkeparti;Det Konservative Folkeparti;Folkebevægelsen mod EU;Liberal Alliance;Radikale Venstre;SF - Socialistisk Folkeparti;Socialdemokratiet;Venstre, Danmarks Liberale Parti
Assens;2887;5413;Assens;43;1;797;410;180;39;84;193;685;438
Ebberup;692;1308;Assens;43;2;176;103;25;8;25;43;180;113
Turup;417;669;Assens;43;3;109;65;30;11;16;29;79;63
Salbrovad;389;696;Assens;43;4;116;72;27;6;11;36;53;62
Helnæs;140;193;Assens;43;5;41;17;9;1;7;18;22;23
Køng;484;747;Assens;43;6;103;85;33;5;19;55;95;73
Glamsbjerg;1145;1947;Assens;43;7;281;173;77;12;46;119;279;131
Flemløse;487;848;Assens;43;8;146;93;43;3;12;17;84;74
Søllested;239;387;Assens;43;9;66;31;32;3;4;22;39;37
Ørsted;238;422;Assens;43;10;57;45;14;3;10;26;40;39
Dreslette;421;646;Assens;43;11;94;82;24;5;19;32;76;82
Haarby;1438;2586;Assens;43;12;378;287;58;17;57;83;291;236
Jordløse;316;524;Assens;43;13;79;41;23;3;19;32;60;43
Brylle;818;1280;Assens;43;14;197;163;47;10;25;63;174;120
Tommerup;888;1493;Assens;43;15;228;160;51;14;41;77;181;116
Tommerup St;1113;1770;Assens;43;16;233;197;64;25;52;112;282;123
Verninge;539;891;Assens;43;17;153;122;31;10;14;38;89;66
Nårup;217;375;Assens;43;18;65;37;16;1;2;10;48;33
Vissenbjerg;2585;4528;Assens;43;19;691;480;186;47;94;210;505;311
Aarup;1515;2559;Assens;43;20;400;296;58;17;79;79;333;225
Kerte;292;526;Assens;43;21;90;40;15;2;6;20;45;69
Orte;370;596;Assens;43;22;85;55;33;9;16;41;74;51
Rørup;341;583;Assens;43;23;109;66;24;6;14;14;49;48
Tapeten;2370;4291;Ballerup;77;24;873;121;221;34;89;183;622;183
Rugvængets Skole;3281;6338;Ballerup;77;25;1133;133;402;55;123;320;790;246
Højagerskolen;1723;2680;Ballerup;77;26;465;150;139;52;109;170;419;187
Grantoftehallen;1435;2826;Ballerup;77;27;591;52;155;16;40;113;346;90
Rosenlundskolen;2539;3731;Ballerup;77;28;644;229;164;73;185;240;609;331
Lundebjergskolen;1975;3860;Ballerup;77;29;785;55;238;29;55;168;510;87
Tidl. Skovlunde Lokalkontor;1044;1684;Ballerup;77;30;259;94;61;30;77;105;252;135
Måløv Skole;2666;4109;Ballerup;77;31;628;252;164;55;226;320;612;356
Egebjerghallen;2338;3249;Ballerup;77;32;493;194;164;85;191;314;528;319
Østerhøjhallen;1445;2076;Ballerup;77;33;318;105;124;50;121;224;295;171
Nordvangskolen;1456;2312;Ballerup;77;34;475;117;100;51;85;139;271;188
Sognegården;1409;2545;Ballerup;77;35;428;111;109;33;84;142;271;190
Søndervangskolen;2054;4182;Ballerup;77;36;737;121;186;51;91;178;404;239
Vestervangskolen;1569;3140;Ballerup;77;37;689;39;174;15;52;128;374;63
Ejbyskolen;991;1442;Ballerup;77;38;279;114;67;36;62;56;128;227
Hvissingehallen;1522;2629;Ballerup;77;39;555;91;134;25;47;116;318;197
Klemensker;947;2016;Rønne;63;40;251;61;77;12;21;41;287;176
Rønne;5846;11250;Rønne;63;41;1266;293;483;46;146;376;2397;699
Hasle;1305;2304;Rønne;63;42;329;54;110;12;33;64;461;199
Allinge;1480;2878;Aakirkeby;64;43;360;57;149;18;29;109;474;233
Østermarie;1282;2381;Aakirkeby;64;44;325;70;171;16;33;117;314;212
Svaneke;1077;1736;Aakirkeby;64;45;181;64;177;20;44;105;324;144
Nexø;1739;3592;Aakirkeby;64;46;405;93;156;21;58;96;627;237
Pedersker;795;1368;Aakirkeby;64;47;225;45;65;5;11;31;254;139
Aakirkeby;2162;4259;Aakirkeby;64;48;486;132;159;23;44;115;776;362
Christiansø;56;65;Aakirkeby;64;49;16;2;8;1;0;12;10;1
Brøndbyvester Skole;1920;3252;Brøndby;79;50;680;108;148;174;72;46;445;212
Tjørnehøjhallen;1733;3517;Brøndby;79;51;659;62;190;23;58;140;379;171
Brøndbyøster Skole;1655;3054;Brøndby;79;52;603;83;178;29;52;164;364;136
Nørregård;2875;5529;Brøndby;79;53;990;146;333;53;111;259;713;211
Kulturhuset Brønden;3845;8559;Brøndby;79;54;1342;209;351;96;201;367;871;339
Ishøj Landsby;786;1221;Brøndby;79;55;249;70;58;27;38;75;140;110
Vibeholmskolen;1435;2627;Brøndby;79;56;536;65;119;22;42;113;356;148
Gildbroskolen;1580;3186;Brøndby;79;57;637;80;144;26;56;153;330;115
Strandgårdskolen;787;2494;Brøndby;79;58;264;24;102;16;31;84;216;35
Ishøj Bycenter;2118;3949;Brøndby;79;59;783;113;170;52;92;181;490;208
Vallensbæk Skole, Multisalen;1680;3327;Brøndby;79;60;536;241;113;61;127;108;268;192
Egholmskolen;2007;3139;Brøndby;79;61;593;315;136;66;115;124;381;245
Pilehaveskolen;2496;3894;Brøndby;79;62;751;375;155;81;138;177;450;333
Agersted;344;673;Brønderslev;3;63;97;24;27;13;13;19;76;67
Asaa;647;1433;Brønderslev;3;64;218;23;65;19;18;35;148;107
Dronninglund;1911;3774;Brønderslev;3;65;529;169;132;34;61;135;417;390
Flauenskjold;450;1014;Brønderslev;3;66;131;34;31;11;11;24;86;115
Hjallerup;1766;3210;Brønderslev;3;67;444;129;93;61;52;83;486;383
Klokkerholm;777;1480;Brønderslev;3;68;217;41;69;25;19;43;149;196
Brønderslev;4746;9415;Brønderslev;3;69;1278;427;388;139;177;259;1157;811
Stenum;258;492;Brønderslev;3;70;70;30;28;8;3;10;52;48
Thise;484;930;Brønderslev;3;71;126;33;27;28;9;24;99;121
Ø. Brønderslev;573;1176;Brønderslev;3;72;119;54;49;19;13;46;135;112
Hallund;285;519;Brønderslev;3;73;81;23;25;6;12;17;51;64
Jerslev;935;1893;Brønderslev;3;74;284;86;77;23;33;67;132;212
Serritslev;395;681;Brønderslev;3;75;98;31;39;13;10;29;74;97
Aabybro;2326;4343;Brønderslev;3;76;582;178;130;70;58;145;614;507
Biersted;839;1482;Brønderslev;3;77;302;40;62;22;24;40;197;135
Nørhalne;624;1118;Brønderslev;3;78;173;36;25;12;23;33;169;141
Vedsted;578;992;Brønderslev;3;79;123;23;48;10;16;38;177;126
Gjøl;541;918;Brønderslev;3;80;117;29;28;12;20;32;127;173
Ingstrup;305;554;Brønderslev;3;81;102;21;20;9;8;24;58;53
V. Hjermitslev;284;499;Brønderslev;3;82;78;12;24;15;4;14;63;59
Brovst;1214;2305;Brønderslev;3;83;269;66;76;20;18;33;504;202
Halvrimmen;596;1102;Brønderslev;3;84;169;29;49;13;12;18;203;98
Arentsminde;253;520;Brønderslev;3;85;93;7;16;4;6;5;78;41
Tranum;499;878;Brønderslev;3;86;160;30;40;10;6;36;132;81
Skovsgård;681;1273;Brønderslev;3;87;217;23;40;8;13;28;209;136
Fjerritslev;1664;3271;Brønderslev;3;88;489;88;89;39;34;81;481;325
Thorup;501;1044;Brønderslev;3;89;145;27;42;11;9;31;104;121
Ørebro;387;783;Brønderslev;3;90;118;27;20;9;8;25;86;90
Trekroner;472;948;Brønderslev;3;91;133;28;26;11;10;40;107;109
Pandrup;1185;2448;Brønderslev;3;92;323;76;110;34;28;54;350;193
Kaas;986;2265;Brønderslev;3;93;314;41;150;29;26;47;264;101
Hune;767;1273;Brønderslev;3;94;254;66;66;37;18;41;146;130
Saltum;524;1011;Brønderslev;3;95;143;41;46;30;17;34;97;105
Ebeltoft;3964;6972;Djurs;24;96;1286;303;255;129;205;393;622;716
Mols;1748;2979;Djurs;24;97;472;110;153;58;86;249;270;316
Tirstrup;894;1743;Djurs;24;98;267;50;104;17;41;116;140;138
Kolind;1293;2531;Djurs;24;99;385;78;115;30;47;141;193;265
Ryomgård;1734;3551;Djurs;24;100;586;104;145;36;66;164;290;308
Hornslet;2995;5298;Djurs;24;101;780;220;212;90;162;342;609;516
Mørke;1474;2685;Djurs;24;102;449;69;119;52;64;182;261;241
Rønde;3200;5708;Djurs;24;103;840;243;262;106;246;390;502;556
Kulturhuset Pavillonen;3733;7816;Djurs;24;104;1168;265;251;70;140;281;791;671
Anholt Skole;82;123;Djurs;24;105;21;2;15;1;3;14;15;9
Kulturhuset Stationen;993;2003;Djurs;24;106;379;54;83;20;30;63;149;193
Grenaa Idrætscenter;2465;5512;Djurs;24;107;914;152;182;42;61;166;547;357
Glesborg;1661;3095;Djurs;24;108;521;113;149;33;60;182;262;306
Ørum;816;1690;Djurs;24;109;243;57;65;13;18;70;123;213
Ørsted;1203;2515;Djurs;24;110;408;66;123;18;31;105;180;248
Allingåbro;903;1989;Djurs;24;111;324;50;70;16;28;54;184;168
Auning;1546;3157;Djurs;24;112;542;108;107;48;55;94;291;269
Vivild;691;1409;Djurs;24;113;182;55;61;21;18;67;135;141
Værløse;4933;7242;Egedal;72;114;1002;598;290;171;558;523;882;806
Hareskov;1964;2548;Egedal;72;115;217;204;130;106;328;257;353;347
Søndersø;2550;3403;Egedal;72;116;384;307;118;143;349;308;404;494
Jonstrup;673;937;Egedal;72;117;91;68;45;19;76;114;156;96
Stavnsholt;2976;4159;Egedal;72;118;497;401;173;135;335;356;492;546
Solvang;3624;5493;Egedal;72;119;653;368;228;173;414;452;643;620
Paltholm;1740;3353;Egedal;72;120;449;92;216;53;115;265;302;205
Ledøje Forsamlingshus;537;845;Egedal;72;121;129;76;32;27;37;63;89;77
Ledøje-Smørum Idrætscenter;4667;7200;Egedal;72;122;1299;487;283;181;357;479;775;718
Stenløse;2910;4658;Egedal;72;123;836;241;162;108;167;227;515;578
Veksø;997;1460;Egedal;72;124;307;83;71;21;82;107;151;148
Ganløse;1731;2560;Egedal;72;125;386;188;89;65;169;233;246;319
Slagslunde;850;1229;Egedal;72;126;228;82;67;21;66;116;134;111
Toftehøjskolen;3036;4871;Egedal;72;127;1012;287;154;95;197;234;520;468
Stengårdsskolen;2672;4546;Egedal;72;128;859;219;162;83;161;209;442;486
Bækkegårdsskolen;1770;2888;Egedal;72;129;559;171;89;72;114;130;297;300
Esbjerg Rådhus;4651;10004;Esbjerg By;35;130;1225;321;480;179;208;426;823;825
Skovbo Centeret;1004;2220;Esbjerg By;35;131;347;40;109;15;24;80;227;129
Rørkjær;1789;3515;Esbjerg By;35;132;542;73;235;40;57;171;386;208
Bakkeskolen;2135;4719;Esbjerg By;35;133;783;81;260;41;54;167;455;226
Boldesager;2503;4820;Esbjerg By;35;134;631;150;265;90;106;273;549;367
Østerbycentret;1832;3719;Esbjerg By;35;135;634;61;191;34;58;177;394;224
Vestervangskolen;1749;3078;Esbjerg By;35;136;476;154;124;65;76;114;290;403
Sædding;3024;5488;Esbjerg By;35;137;981;201;238;90;101;193;574;567
Kvaglund;1227;2813;Esbjerg By;35;138;380;66;130;14;40;77;285;195
Ådalskolen;1280;2604;Esbjerg By;35;139;454;77;107;39;20;67;220;247
Blåbjerggårdskolen;1643;2983;Esbjerg By;35;140;534;83;165;34;42;103;401;242
Nordby;1378;2268;Esbjerg By;35;141;336;60;143;21;86;198;229;257
Sønderho;194;269;Esbjerg By;35;142;36;10;19;7;16;31;44;29
Skads;838;1530;Esbjerg Omegn;36;143;299;65;39;21;23;35;114;227
Bryndum;1332;2483;Esbjerg Omegn;36;144;414;90;69;36;49;86;228;320
Hjerting;3182;5691;Esbjerg Omegn;36;145;877;309;171;106;130;192;525;807
Guldager;539;1070;Esbjerg Omegn;36;146;158;34;35;19;14;33;82;151
Tjæreborg;1427;2504;Esbjerg Omegn;36;147;394;109;102;27;54;83;272;348
Sønderris;1434;2792;Esbjerg Omegn;36;148;455;113;97;41;47;82;247;311
Bramming;4032;7825;Esbjerg Omegn;36;149;1183;354;226;114;137;273;671;932
Ribe;4716;8559;Esbjerg Omegn;36;150;1002;409;404;130;214;614;887;899
Egebæk-Hviding;785;1497;Esbjerg Omegn;36;151;228;61;47;22;22;80;142;163
Gredstedbro;1034;2063;Esbjerg Omegn;36;152;288;80;59;19;40;59;165;284
Mandø;24;31;Esbjerg Omegn;36;153;8;0;3;0;2;3;1;5
Høm;615;1263;Esbjerg Omegn;36;154;178;48;34;14;21;51;66;184
Gørding;1298;2714;Esbjerg Omegn;36;155;448;92;62;22;34;65;168;368
Haslev 01;3000;5430;Faxe;58;156;950;239;223;82;145;297;482;510
Haslev 02;2816;5986;Faxe;58;157;856;238;256;67;129;274;445;463
Faxe;1831;3612;Faxe;58;158;643;128;129;42;70;116;357;292
Hylleholt;1702;3110;Faxe;58;159;556;104;185;36;61;217;294;208
Karise;1619;3020;Faxe;58;160;593;114;124;44;49;148;246;258
Dalby;1503;2658;Faxe;58;161;569;131;87;31;80;103;179;273
Rønnede;1549;2821;Faxe;58;162;556;120;94;36;61;102;257;296
Hårlevhallen;2371;4287;Faxe;58;163;829;152;196;43;114;196;331;464
Strøbyhallen;3110;5146;Faxe;58;164;1099;230;193;73;174;270;486;545
Stevnshallen;2475;4464;Faxe;58;165;809;212;230;47;89;220;424;394
Harmonien;1827;2960;Faxe;58;166;590;142;160;38;79;177;303;303
Hadsten Nord;2419;3984;Favrskov;23;167;596;180;140;55;147;230;521;493
Hadsten Syd;1588;2799;Favrskov;23;168;410;132;75;32;72;156;357;328
Hadbjerg;926;1558;Favrskov;23;169;249;64;49;28;68;76;152;212
Hammel Nord;3189;5584;Favrskov;23;170;932;296;185;69;152;240;646;603
Hammel Syd;883;1519;Favrskov;23;171;265;66;52;13;33;89;160;180
Haldum-Hinnerup/Vitten;2017;3179;Favrskov;23;172;428;146;113;80;184;230;431;362
Rønbæk/Grundfør;1900;2991;Favrskov;23;173;478;152;90;61;125;194;413;356
Foldby;792;1169;Favrskov;23;174;219;44;66;14;50;101;137;145
Ulstrup;1653;3092;Favrskov;23;175;531;173;84;37;66;119;284;312
Thorsø/Haurum/Sall;1472;2740;Favrskov;23;176;450;111;77;34;55;102;284;325
Laurbjerg/Houlbjerg;835;1520;Favrskov;23;177;256;49;68;10;41;78;157;146
Søften;1418;2031;Favrskov;23;178;308;162;63;43;110;100;286;321
Voldum;507;922;Favrskov;23;179;189;35;33;13;10;38;76;97
Lading;543;855;Favrskov;23;180;178;26;54;11;29;57;79;96
Asminderød;2711;4502;Fredensborg;47;181;683;338;147;153;211;253;404;472
Fredensborg;2312;3382;Fredensborg;47;182;463;332;90;159;232;249;308;446
Humlebæk;2256;3518;Fredensborg;47;183;451;265;160;126;254;254;334;377
Baunebjerg;2244;3404;Fredensborg;47;184;530;226;161;88;218;304;396;269
Ullerød;1968;3221;Fredensborg;47;185;445;231;138;76;196;193;321;341
Brønsholm;2110;3448;Fredensborg;47;186;659;290;100;68;127;150;281;401
Niverød;1832;2916;Fredensborg;47;187;484;156;130;78;139;213;303;295
Karlebo;583;873;Fredensborg;47;188;137;85;32;53;45;37;54;129
Nivå;1726;2692;Fredensborg;47;189;390;182;104;70;169;214;318;248
Hørsholm;3133;4686;Fredensborg;47;190;696;609;82;157;295;216;321;704
Usserød;3227;4850;Fredensborg;47;191;693;612;105;153;263;236;408;714
Rungsted;2380;3244;Fredensborg;47;192;333;563;41;206;224;93;155;742
Grønnegade;243;328;Fredensborg;47;193;65;50;12;16;21;10;14;53
Vallerød;3147;5011;Fredensborg;47;194;617;623;95;213;265;169;326;805
Gymnasiet;5151;9962;Fredericia;32;195;1740;313;404;75;164;461;1267;587
Bredstrup-Pjedsted;726;1145;Fredericia;32;196;222;60;41;10;21;51;135;168
Erritsø;4244;7234;Fredericia;32;197;1366;399;193;113;176;265;824;825
Herslev;369;586;Fredericia;32;198;147;19;27;9;8;20;50;80
Taulov;2333;3972;Fredericia;32;199;712;250;86;94;123;154;377;473
Søndermarken;3395;7353;Fredericia;32;200;1324;218;228;48;98;224;793;374
Bøgeskov;969;1450;Fredericia;32;201;330;91;59;22;38;46;173;192
Indre By;2498;5664;Fredericia;32;202;879;139;233;61;111;212;474;302
10. Kreds, Søerne;5392;8261;Falkoner;87;203;608;527;472;212;849;1013;1037;572
10. Kreds, Ny Hollænder;5846;8543;Falkoner;87;204;770;721;488;219;797;968;1097;658
10. Kreds, Bülowsvej;7120;11077;Falkoner;87;205;892;672;639;313;1063;1357;1323;697
10. Kreds, Duevej;6320;10112;Falkoner;87;206;868;703;563;300;904;1037;1135;682
11. Kreds, Lindevang;5821;10077;Slots;88;207;970;688;600;224;648;892;1017;650
11. Kreds, Søndermark;5448;8864;Slots;88;208;1078;726;440;193;515;740;984;654
11. Kreds, Rådhuset;5992;9948;Slots;88;209;875;725;498;251;785;961;1083;701
11. Kreds, Nyelandsvej;5103;7967;Slots;88;210;669;528;508;194;711;953;909;520
Skagen;3008;6550;Frederikshavn;1;211;1066;200;237;72;81;164;647;460
Hulsig;70;125;Frederikshavn;1;212;35;4;4;2;0;6;8;9
Ålbæk;789;1489;Frederikshavn;1;213;327;58;59;20;20;54;138;97
Jerup;399;740;Frederikshavn;1;214;158;17;44;8;3;24;89;51
Elling;614;1278;Frederikshavn;1;215;240;31;42;12;12;29;148;87
Strandby;1021;1952;Frederikshavn;1;216;414;87;53;21;23;50;177;178
Frederikshavn Nord;2214;4833;Frederikshavn;1;217;806;116;206;39;61;163;561;219
Frederikshavn Midt;3328;7985;Frederikshavn;1;218;1150;185;292;89;68;272;802;391
Frederikshavn Syd;2840;5613;Frederikshavn;1;219;919;215;212;58;69;222;710;370
Ravnshøj;793;1481;Frederikshavn;1;220;265;49;60;15;26;81;128;152
Gærum;838;1468;Frederikshavn;1;221;253;69;47;37;24;47;164;182
Sæby;3606;7146;Frederikshavn;1;222;1129;315;192;67;94;216;812;716
Brønden;210;350;Frederikshavn;1;223;70;13;16;4;4;11;36;53
Dybvad;406;886;Frederikshavn;1;224;127;22;19;6;12;17;80;112
Hørby;320;668;Frederikshavn;1;225;86;19;22;10;13;23;71;60
Præstbro;195;387;Frederikshavn;1;226;59;14;26;2;3;15;35;36
Thorshøj;271;619;Frederikshavn;1;227;97;13;17;11;2;15;50;61
Understed;213;428;Frederikshavn;1;228;86;5;16;10;5;11;37;42
Voerså;329;629;Frederikshavn;1;229;142;21;27;5;10;12;49;59
Volstrup;257;558;Frederikshavn;1;230;60;19;20;12;4;11;56;70
Østervrå;651;1443;Frederikshavn;1;231;182;40;38;20;6;31;133;178
Lyngså;253;460;Frederikshavn;1;232;85;14;23;7;5;8;55;49
Læsø;681;1517;Frederikshavn;1;233;252;33;43;11;22;52;129;131
Frederikssund Syd;4889;8515;Frederikssund;50;234;1441;442;282;85;319;479;882;877
Frederikssund Nord;3612;6255;Frederikssund;50;235;1219;269;246;86;209;326;614;588
Slangerup;3500;5858;Frederikssund;50;236;1076;268;213;100;232;302;546;701
Skibby;3586;6501;Frederikssund;50;237;1253;174;309;88;121;386;575;583
Jægerspris;3572;6250;Frederikssund;50;238;1195;202;348;78;169;389;688;447
Hundested Hallen;4180;7517;Frederikssund;50;239;1347;217;500;76;149;538;786;498
Enghave Hallen;1624;2997;Frederikssund;50;240;522;95;149;38;59;186;317;222
Rådhuset;3345;7088;Frederikssund;50;241;1058;232;287;64;130;383;709;411
Ølsted Hallen;1327;2416;Frederikssund;50;242;502;85;87;29;67;112;232;182
Melby Hallen;1851;3188;Frederikssund;50;243;607;138;169;46;71;215;356;209
Allested-Vejle;790;1256;Faaborg;44;244;255;145;59;6;21;58;127;97
Brobyværk;594;1058;Faaborg;44;245;144;136;39;9;23;43;108;77
Nørre Broby;912;1523;Faaborg;44;246;266;167;64;9;28;39;180;137
Vester Hæsinge;518;833;Faaborg;44;247;137;101;37;7;22;48;72;85
Avernakø;71;93;Faaborg;44;248;21;3;15;0;1;9;9;12
Faaborg Vest;1176;1973;Faaborg;44;249;311;201;69;20;51;82;255;161
Faaborg Øst;2607;4458;Faaborg;44;250;592;424;240;39;96;245;540;367
Horne;951;1628;Faaborg;44;251;230;149;66;8;47;90;175;161
Korinth;882;1633;Faaborg;44;252;249;139;58;11;28;85;162;127
Lyø;64;83;Faaborg;44;253;13;12;3;0;1;4;10;21
Svanninge;1041;1731;Faaborg;44;254;276;161;86;21;54;82;173;161
Vester Aaby;835;1390;Faaborg;44;255;217;113;70;20;22;96;151;121
Espe;661;1106;Faaborg;44;256;164;131;55;6;25;48;100;119
Hillerslev;599;1100;Faaborg;44;257;163;97;38;17;17;60;62;137
Ringe;3290;5636;Faaborg;44;258;748;553;198;60;160;303;645;510
Søllinge;522;840;Faaborg;44;259;141;85;52;6;17;68;79;61
Gislev;927;1631;Faaborg;44;260;243;167;60;13;38;80;160;132
Kværndrup;956;1781;Faaborg;44;261;234;160;69;17;38;84;181;154
Ryslinge;1102;1786;Faaborg;44;262;303;155;93;11;54;107;228;129
Nr. Lyndelse;1666;2700;Faaborg;44;263;397;307;94;34;71;141;322;269
Rolfsted;838;1390;Faaborg;44;264;219;151;40;13;33;60;189;111
Årslev;1988;3182;Faaborg;44;265;432;303;116;51;115;167;495;255
Marstal;1346;2513;Faaborg;44;266;411;316;147;16;30;109;199;89
Ærøskøbing;1030;1750;Faaborg;44;267;216;206;71;12;33;85;213;173
Søby;482;941;Faaborg;44;268;137;82;47;9;18;41;78;65
Jægersborg;3653;5355;Gentofte;74;269;571;723;142;216;424;323;447;739
Munkegård;3038;4485;Gentofte;74;270;567;372;245;127;348;389;539;401
Rådhuset;3341;4878;Gentofte;74;271;451;648;119;219;448;297;463;660
Bakkegård;3028;5295;Gentofte;74;272;667;402;250;155;279;324;448;421
Dyssegård;3558;5092;Gentofte;74;273;536;572;189;175;509;401;497;632
Maglegård;3987;5619;Gentofte;74;274;552;767;139;261;572;363;489;789
Hellerup;4013;6032;Gentofte;74;275;608;673;207;216;485;430;509;820
Ordrup;2954;4476;Gentofte;74;276;509;514;142;187;325;263;349;624
Skovshoved;3358;5114;Gentofte;74;277;507;676;130;256;417;226;330;780
Skovgård;3056;4625;Gentofte;74;278;511;658;126;194;305;231;345;633
Bagsværd;3199;4851;Gladsaxe;75;279;612;301;303;110;312;430;617;437
Hovedbiblioteket;3628;6198;Gladsaxe;75;280;854;242;442;90;274;434;804;385
Egegård;3269;5932;Gladsaxe;75;281;922;226;381;90;212;364;653;347
Grønnemose;3783;6388;Gladsaxe;75;282;804;203;485;84;360;607;848;323
Mørkhøj;3512;6262;Gladsaxe;75;283;976;189;398;77;266;408;803;300
Stengård;4133;6119;Gladsaxe;75;284;681;346;349;153;466;649;888;501
Søborg;2471;3847;Gladsaxe;75;285;490;154;294;89;251;382;526;233
Vadgård;2652;4418;Gladsaxe;75;286;671;193;247;70;181;359;561;311
Værebro;1260;2380;Gladsaxe;75;287;301;108;123;53;116;148;219;169
Arenaskolen;1493;2991;Greve;62;288;668;87;107;29;39;72;251;198
Tjørnelyskolen;3351;5385;Greve;62;289;1184;311;123;101;169;179;541;690
Holmeagerskolen;4635;7817;Greve;62;290;1625;361;271;132;213;287;763;885
Mosedeskolen;2506;3838;Greve;62;291;774;251;92;84;118;140;448;544
Karlslundehallerne;3759;5981;Greve;62;292;1145;347;173;158;173;224;613;854
Tunehallerne;3008;4880;Greve;62;293;1086;229;143;86;139;184;505;571
Hundigehallen;1844;4010;Greve;62;294;719;98;160;45;69;153;339;223
Havdrup;1928;3255;Greve;62;295;607;198;148;65;79;176;303;316
Det Nordlige Strandområde;3123;5078;Greve;62;296;948;314;154;125;184;199;480;656
Det Sydlige Strandområde;4423;7241;Greve;62;297;1337;417;217;181;235;316;665;971
Bykredsen;1721;3632;Guldborgsund;60;298;522;112;175;43;83;167;355;232
Østerbro;1625;3214;Guldborgsund;60;299;512;116;160;25;60;163;390;155
Lindeskov;1540;2939;Guldborgsund;60;300;491;110;114;18;51;115;397;206
Ejegod;1837;3439;Guldborgsund;60;301;541;140;153;30;52;164;477;241
Kraghave;1221;2087;Guldborgsund;60;302;370;90;86;22;49;103;270;189
Toreby;782;1488;Guldborgsund;60;303;268;37;69;13;23;63;150;139
Sundby;1654;2696;Guldborgsund;60;304;482;125;81;21;65;168;404;266
Nysted;1396;2496;Guldborgsund;60;305;444;89;101;33;42;108;302;239
Øster Ulslev;774;1417;Guldborgsund;60;306;295;39;79;13;15;66;102;149
Nørre Alslev;1452;2552;Guldborgsund;60;307;490;101;116;23;55;97;286;243
Nørre Vedby;996;1792;Guldborgsund;60;308;386;56;74;13;26;78;189;154
Eskilstrup;1174;2141;Guldborgsund;60;309;405;80;63;18;28;94;249;207
Sakskøbing;2285;4638;Guldborgsund;60;310;735;152;161;24;65;164;573;343
Majbølle;776;1342;Guldborgsund;60;311;307;53;62;13;10;50;126;133
Våbensted;489;940;Guldborgsund;60;312;191;26;28;6;8;27;94;99
Stubbekøbing;1743;3047;Guldborgsund;60;313;609;106;151;17;58;163;324;260
Horreby;1421;2472;Guldborgsund;60;314;479;79;142;15;32;147;253;241
Idestrup;892;1583;Guldborgsund;60;315;339;73;57;15;31;43;157;150
Væggerløse;1759;2822;Guldborgsund;60;316;677;147;93;28;61;104;322;293
Gedser;714;1202;Guldborgsund;60;317;332;27;74;11;14;43;123;70
Gram;1223;2285;Haderslev;37;318;399;120;45;24;45;70;202;286
Arnum;335;689;Haderslev;37;319;125;36;21;14;8;14;48;60
Tiset;131;222;Haderslev;37;320;52;11;6;1;2;6;14;36
Fole;156;290;Haderslev;37;321;44;14;9;5;3;10;23;43
Haderslev Syd-Vest;1503;2763;Haderslev;37;322;412;151;102;43;84;139;263;264
Haderslev Syd;1115;2266;Haderslev;37;323;387;111;100;14;44;73;211;143
Haderslev Midtby;1629;3330;Haderslev;37;324;442;157;135;40;108;158;273;276
Haderslev Vest;1817;3108;Haderslev;37;325;432;221;118;47;100;182;334;324
Sommersted;594;1092;Haderslev;37;326;206;47;23;12;13;38;74;166
Haderslev Nord;1335;2378;Haderslev;37;327;374;129;98;42;64;108;289;189
Haderslev Øst;999;1829;Haderslev;37;328;255;126;67;22;55;80;193;185
Moltrup;256;394;Haderslev;37;329;82;30;10;8;7;12;45;59
Hoptrup;558;970;Haderslev;37;330;185;41;49;8;21;55;78;107
Starup;1202;2084;Haderslev;37;331;377;99;71;35;55;86;211;246
Vilstrup;324;557;Haderslev;37;332;112;20;16;4;11;24;58;73
Kelstrup;245;384;Haderslev;37;333;85;24;10;8;8;15;22;64
Vonsbæk;215;320;Haderslev;37;334;65;13;19;6;9;17;29;56
Aastrup;705;1218;Haderslev;37;335;189;60;43;27;32;82;130;123
Øsby;659;1117;Haderslev;37;336;200;42;45;29;28;31;121;153
Aarø;94;148;Haderslev;37;337;31;7;3;3;1;4;14;30
Marstrup;407;661;Haderslev;37;338;129;37;26;15;17;19;65;92
Halk;330;532;Haderslev;37;339;84;28;24;7;13;18;39;108
Fjelstrup;558;994;Haderslev;37;340;209;38;23;22;11;34;57;153
Bevtoft;538;1000;Haderslev;37;341;221;41;33;12;15;16;66;121
Vojens Øst;1520;2755;Haderslev;37;342;561;112;81;25;53;79;292;263
Vojens Vest;1340;2577;Haderslev;37;343;476;70;82;27;42;75;280;231
Skrydstrup;467;798;Haderslev;37;344;193;31;25;7;9;22;64;97
Hammelev;714;1153;Haderslev;37;345;171;66;26;19;29;55;138;188
Jegerup;263;413;Haderslev;37;346;103;19;12;5;2;6;36;72
Simmersted;316;540;Haderslev;37;347;100;23;9;7;8;14;37;112
Nustrup;487;909;Haderslev;37;348;124;23;23;14;19;12;54;198
Oksenvad;244;454;Haderslev;37;349;79;28;11;7;2;10;25;77
Vedsted;377;657;Haderslev;37;350;124;30;27;10;10;22;44;96
Over Jerstal;520;1011;Haderslev;37;351;202;22;26;5;11;20;106;112
Hedensted, St.Dalby Og Urlev;3379;5932;Hedensted;29;352;1085;366;121;133;132;160;541;775
Løsning Sogn;1650;3028;Hedensted;29;353;547;179;98;43;57;79;300;306
Ø. Snede Sogn;1005;1575;Hedensted;29;354;304;137;39;26;25;50;93;301
Daugård Og Ørum Sogne;749;1170;Hedensted;29;355;197;77;34;32;43;59;87;197
Korning Sogn;284;451;Hedensted;29;356;108;41;11;6;8;10;31;55
Ølsted Og Eriknauer-Området;623;1000;Hedensted;29;357;230;38;26;8;18;40;110;147
Juelsminde/Klakring;1954;3288;Hedensted;29;358;683;166;77;59;69;96;285;487
As;384;587;Hedensted;29;359;137;26;18;14;10;19;54;97
Barrit;761;1252;Hedensted;29;360;267;48;37;17;27;58;118;171
Bjerre;613;1074;Hedensted;29;361;223;40;31;15;13;49;83;148
Hornsyld;811;1480;Hedensted;29;362;246;62;27;18;24;36;124;248
Stouby;778;1266;Hedensted;29;363;198;75;61;21;33;48;88;224
Rårup;638;1163;Hedensted;29;364;222;54;42;12;21;39;88;140
Glud;1065;1712;Hedensted;29;365;363;71;48;36;31;66;171;252
Hjarnø;67;85;Hedensted;29;366;7;2;10;3;4;12;11;17
Rask Mølle;595;1050;Hedensted;29;367;171;43;28;6;25;63;111;132
Hvirring;234;401;Hedensted;29;368;79;8;17;6;5;25;23;66
Hornborg;342;582;Hedensted;29;369;130;32;15;7;10;15;42;82
Lindved;853;1360;Hedensted;29;370;286;82;41;10;27;52;125;211
Tørring;1140;2197;Hedensted;29;371;427;98;50;17;34;64;157;268
Uldum;686;1177;Hedensted;29;372;252;43;24;22;20;32;110;168
Aale;353;606;Hedensted;29;373;122;20;9;9;14;20;51;99
Ølholm;422;731;Hedensted;29;374;149;24;6;11;9;24;77;110
Hjortsvang;214;346;Hedensted;29;375;70;13;12;5;5;16;26;63
Helsingør Hallen;4946;9589;Helsingør;46;376;1312;407;530;154;377;707;926;417
Montebello, Gurrevej 90;3579;7172;Helsingør;46;377;1180;254;386;55;157;414;787;249
Laden, Gl. Vapnagård;2760;5464;Helsingør;46;378;852;226;270;67;157;323;532;274
Bølgen;2749;4249;Helsingør;46;379;702;332;166;141;217;288;455;406
Hornbæk Skole;2306;3890;Helsingør;46;380;606;281;149;82;170;222;382;360
Hels. Skole, Nygård;648;1049;Helsingør;46;381;205;70;56;29;46;56;90;79
Tikøb Skole;721;1240;Helsingør;46;382;211;100;34;35;49;61;107;112
Kvistgård Idrætsanlæg;484;836;Helsingør;46;383;179;34;48;10;28;49;74;55
Snekkersten Hallen;2314;3611;Helsingør;46;384;550;307;148;89;218;244;380;354
Administrationsbygningen, Esp;2211;3302;Helsingør;46;385;394;303;126;131;233;272;345;359
Esp. Skole, Mørdrup;3247;4972;Helsingør;46;386;812;419;212;110;309;334;552;445
Aulum;1752;3034;Herning Nord;18;387;510;311;68;19;54;77;206;476
Feldborg;284;585;Herning Nord;18;388;125;13;14;12;14;12;33;52
Gullestrup;612;1221;Herning Nord;18;389;147;46;74;18;29;60;113;103
Haderup;524;874;Herning Nord;18;390;172;39;19;13;18;27;78;149
Hammerum;3519;6037;Herning Nord;18;391;861;472;131;127;203;217;477;948
Hodsager;331;520;Herning Nord;18;392;121;32;6;7;6;19;30;103
Ilskov;373;704;Herning Nord;18;393;134;22;14;14;9;18;44;107
Simmelkær;177;358;Herning Nord;18;394;54;17;5;4;7;7;12;65
Sinding;428;670;Herning Nord;18;395;127;37;20;8;16;32;51;131
Skibbild/Nøvling;487;727;Herning Nord;18;396;154;56;28;5;17;29;73;111
Snejbjerg;2130;3465;Herning Nord;18;397;607;229;76;50;91;118;288;623
Sunds;1898;3378;Herning Nord;18;398;576;168;80;48;72;105;254;548
Timring;572;964;Herning Nord;18;399;168;96;16;10;13;21;50;187
Tjørring;2364;3976;Herning Nord;18;400;679;318;80;58;129;140;355;559
Vildbjerg;1827;3178;Herning Nord;18;401;536;194;80;31;77;81;230;566
Vind;230;373;Herning Nord;18;402;67;16;4;6;8;16;42;65
Vinding;772;1247;Herning Nord;18;403;202;103;17;8;33;28;102;265
Ørnhøj;526;869;Herning Nord;18;404;202;38;20;15;12;22;46;161
Herning;9576;19365;Herning Syd;19;405;2655;929;546;250;536;764;1479;2162
Arnborg;556;1022;Herning Syd;19;406;213;34;24;13;7;26;82;140
Kibæk;1395;2451;Herning Syd;19;407;444;208;50;19;37;49;185;377
Kølkær;408;736;Herning Syd;19;408;147;32;25;10;13;22;58;87
Lind;2595;4166;Herning Syd;19;409;711;274;90;55;119;134;375;779
Sdr. Felding;917;1760;Herning Syd;19;410;270;84;45;12;20;39;182;250
Skarrild;441;713;Herning Syd;19;411;141;65;12;9;17;17;50;125
Studsgård;327;592;Herning Syd;19;412;95;38;17;5;13;21;42;88
Frederiksborgcentret;3697;6305;Hillerød;48;413;742;317;296;156;328;522;644;595
Hillerødsholmsskolen;2876;4577;Hillerød;48;414;573;284;211;76;250;360;574;472
Brødeskov;459;635;Hillerød;48;415;94;41;26;23;35;58;78;97
Hammersholt;898;1154;Hillerød;48;416;135;85;80;19;78;161;188;137
Alsønderup;1098;1744;Hillerød;48;417;305;95;73;38;69;99;154;250
Ullerød;2347;3737;Hillerød;48;418;521;218;158;71;176;271;439;437
Nødebo;1019;1477;Hillerød;48;419;198;136;42;53;99;145;158;167
Gadevang;607;823;Hillerød;48;420;70;85;34;34;79;81;97;120
Grønnevang Skole, Jespervej;2118;3184;Hillerød;48;421;404;193;157;72;179;298;436;342
Grønnevang Skole, Østervang;2998;5068;Hillerød;48;422;688;262;260;94;247;377;524;487
Lille Lyngby;891;1520;Hillerød;48;423;303;85;58;27;53;50;112;187
Skævinge, Harløse, Strø;1563;2797;Hillerød;48;424;453;156;96;55;74;107;215;376
Gørløse;609;944;Hillerød;48;425;184;33;51;20;33;61;79;136
Uvelse;695;983;Hillerød;48;426;201;35;53;29;41;60;98;160
Blistrup;2040;3694;Hillerød;48;427;795;115;161;52;79;177;269;363
Esbønderup;1364;2457;Hillerød;48;428;401;96;153;40;74;152;201;222
Valby;278;411;Hillerød;48;429;76;17;19;18;9;34;38;57
Græsted;2009;3665;Hillerød;48;430;671;159;166;62;95;189;248;377
Annisse;1093;1677;Hillerød;48;431;291;109;60;38;70;106;157;244
Gilleleje;3050;5223;Hillerød;48;432;979;245;225;99;149;304;449;531
Søborg;693;1239;Hillerød;48;433;240;55;57;23;30;79;82;113
Helsinge;3256;5804;Hillerød;48;434;997;305;175;92;160;281;555;617
Mårum;540;799;Hillerød;48;435;154;40;30;18;42;57;55;126
Ramløse;1394;2331;Hillerød;48;436;422;102;99;50;94;137;224;243
Vejby;1355;2288;Hillerød;48;437;498;106;126;40;64;123;186;194
Tibirke;1071;1571;Hillerød;48;438;210;81;115;37;109;187;184;138
Aalestrup;1401;3037;Himmerland;8;439;447;164;61;20;50;79;184;370
Farsø;1661;3625;Himmerland;8;440;578;200;91;37;40;84;224;364
Strandby;342;613;Himmerland;8;441;114;32;27;11;16;35;48;54
Aars;3413;6807;Himmerland;8;442;1051;527;185;88;106;156;556;659
Hvalpsund;675;1276;Himmerland;8;443;191;75;32;15;16;61;109;161
Gislum-Vognsild;434;876;Himmerland;8;444;141;57;20;10;10;17;52;116
Gedsted;692;1462;Himmerland;8;445;211;52;40;11;26;53;100;180
Hornum-Ulstrup;593;1381;Himmerland;8;446;200;73;34;8;15;26;89;136
Vester Hornum;416;846;Himmerland;8;447;138;47;19;3;13;28;50;100
Løgstør;1919;4016;Himmerland;8;448;571;153;140;35;44;137;407;390
Ranum;699;1422;Himmerland;8;449;214;39;80;12;31;96;81;129
Salling;482;1047;Himmerland;8;450;163;24;55;8;8;34;40;138
Overlade;362;754;Himmerland;8;451;107;28;19;8;11;35;41;104
Skivum-Giver;365;689;Himmerland;8;452;107;40;30;12;15;32;56;63
Støvring;3376;5959;Himmerland;8;453;958;325;169;88;186;218;595;787
Skørping;2056;3119;Himmerland;8;454;361;160;174;65;204;341;400;319
Terndrup;951;1746;Himmerland;8;455;243;61;123;24;22;72;227;160
Suldrup;1065;2032;Himmerland;8;456;306;82;68;36;52;76;167;249
Nørager;1132;2192;Himmerland;8;457;336;108;64;30;52;67;158;289
Haverslev;485;998;Himmerland;8;458;145;46;24;13;22;20;69;133
Øster Hornum;813;1402;Himmerland;8;459;180;93;43;26;53;79;135;194
Bælum;604;1233;Himmerland;8;460;151;48;46;22;30;34;149;109
Ravnkilde;409;714;Himmerland;8;461;141;23;36;20;17;20;51;93
Blenstrup;561;1169;Himmerland;8;462;154;18;60;10;16;50;126;113
Veggerby;331;551;Himmerland;8;463;82;17;28;2;14;47;41;91
Horne;730;1451;Hjørring;2;464;224;72;49;28;19;68;144;108
Hirtshals;1925;4500;Hjørring;2;465;767;185;127;38;29;89;402;254
Hjørring - Centrum;3817;8604;Hjørring;2;466;968;332;313;107;191;367;936;500
Tornby;759;1393;Hjørring;2;467;229;78;49;19;30;65;134;139
Bindslev;612;1331;Hjørring;2;468;164;56;43;18;17;46;82;175
Tversted;693;1315;Hjørring;2;469;202;46;44;23;31;62;109;164
Taars;1229;2696;Hjørring;2;470;346;140;66;22;35;78;226;296
Vrejlev-Hæstrup;657;1449;Hjørring;2;471;178;64;40;19;16;41;96;187
Bjergby-Mygdal;773;1309;Hjørring;2;472;197;73;48;37;23;65;115;206
Skallerup;766;1271;Hjørring;2;473;192;63;59;57;23;89;152;116
Hjørring - Nord;2069;3805;Hjørring;2;474;479;195;127;80;65;159;570;348
Hjørring - Syd;2321;4683;Hjørring;2;475;636;213;151;57;61;146;561;417
Hjørring - Vest;1456;2767;Hjørring;2;476;349;149;75;44;68;147;379;205
Vrå;1553;3244;Hjørring;2;477;403;111;125;46;51;115;318;336
Hundelev;470;902;Hjørring;2;478;153;36;35;18;12;38;79;89
Løkken;1158;2309;Hjørring;2;479;361;90;83;35;38;84;216;228
Sindal;1313;2842;Hjørring;2;480;334;101;64;32;49;77;322;302
Astrup;452;894;Hjørring;2;481;103;45;32;19;19;33;77;115
Tolne;471;1001;Hjørring;2;482;140;36;41;23;7;46;78;89
Ugilt;428;846;Hjørring;2;483;137;27;19;14;10;29;86;94
Lendum;531;1213;Hjørring;2;484;165;29;42;9;11;40;84;138
Holbæk Øst;3899;7051;Holbæk;53;485;924;321;322;89;308;427;782;653
Holbæk Vest;3434;7081;Holbæk;53;486;829;221;321;83;256;361;672;609
Holbæk Midt;2335;4383;Holbæk;53;487;553;150;284;65;171;297;419;329
Vipperød;1932;3103;Holbæk;53;488;515;151;145;56;134;182;347;380
Tuse;1818;3103;Holbæk;53;489;464;120;125;62;152;199;318;341
Udby;1155;1873;Holbæk;53;490;384;80;112;43;54;85;171;202
Tølløse;2090;3498;Holbæk;53;491;570;132;168;55;149;218;409;343
St. Merløse;1577;2733;Holbæk;53;492;492;100;143;32;76;179;238;282
Regstrup;1649;3011;Holbæk;53;493;482;123;133;36;79;148;289;316
Undløse;1325;2516;Holbæk;53;494;470;76;136;20;59;103;175;258
Jyderup;1964;3730;Holbæk;53;495;557;126;199;27;82;171;378;376
Mørkøv;1573;3177;Holbæk;53;496;584;108;153;27;55;109;248;263
Svinninge;1319;2742;Holbæk;53;497;425;73;101;18;59;107;239;250
Gislinge;1301;2533;Holbæk;53;498;415;87;116;30;51;86;216;274
Orø;446;717;Holbæk;53;499;139;19;59;12;17;77;68;47
Musikteatret;7753;14024;Holstebro;12;500;2122;694;418;205;389;689;1539;1451
Mejdal;2140;3392;Holstebro;12;501;574;189;67;38;116;174;402;526
Skave;853;1611;Holstebro;12;502;208;81;33;21;36;50;143;265
Mejrup;1771;2789;Holstebro;12;503;430;185;77;52;105;125;308;458
Birkelundskolen;5431;10029;Holstebro;12;504;1629;473;304;81;269;455;1234;839
Vinderup;2234;4263;Holstebro;12;505;720;169;107;54;102;160;379;498
Sevel;873;1516;Holstebro;12;506;236;100;42;18;40;48;103;263
Ulfborg;1415;2551;Holstebro;12;507;438;124;95;13;33;98;187;346
Vemb;880;1549;Holstebro;12;508;288;64;42;20;32;53;120;240
Sdr. Nissum;477;905;Holstebro;12;509;150;26;48;4;16;28;64;128
Sønderbro;2206;4630;Horsens;30;510;758;102;229;66;56;175;542;220
Vestbyen;2120;4558;Horsens;30;511;753;115;227;47;76;158;462;213
Midtbyen;3471;7192;Horsens;30;512;989;225;343;143;178;332;705;466
Endelave;102;146;Horsens;30;513;23;9;15;0;5;6;24;18
Forum;2254;4298;Horsens;30;514;726;89;241;89;95;209;523;225
Dagnæs;4023;6927;Horsens;30;515;1408;250;236;96;136;265;928;622
Torsted;2426;4100;Horsens;30;516;851;183;128;70;92;150;509;386
Hatting;1138;1916;Horsens;30;517;334;108;49;39;48;62;206;230
Lund;1059;1876;Horsens;30;518;316;65;60;37;19;50;243;243
Egebjerg;1297;2060;Horsens;30;519;384;108;64;51;56;106;276;234
Stensballe;3117;4588;Horsens;30;520;761;379;112;245;161;220;476;710
Højvangen;1612;2688;Horsens;30;521;485;130;79;51;75;112;352;307
Brædstrup;1992;3501;Horsens;30;522;653;151;80;49;89;109;314;497
Nim;799;1347;Horsens;30;523;239;52;59;30;41;47;110;205
Sdr.Vissing;535;843;Horsens;30;524;148;23;43;12;31;61;80;127
Østbirk;1432;2519;Horsens;30;525;416;106;74;45;63;120;232;335
Gedved;1175;1953;Horsens;30;526;333;101;73;41;79;106;197;216
Hovedgård;1533;2532;Horsens;30;527;444;97;106;40;70;134;276;334
Søvind;918;1387;Horsens;30;528;242;55;78;36;43;69;168;208
Tønning-Træden;368;551;Horsens;30;529;97;29;29;7;31;72;41;57
Sundparken;476;1262;Horsens;30;530;158;12;35;16;21;49;132;28
Sejet;242;394;Horsens;30;531;80;17;18;8;7;17;33;55
Holmegårdshallen;2340;4034;Hvidovre;80;532;667;168;240;53;155;313;469;224
Præstemoseskolen;1745;3321;Hvidovre;80;533;619;117;150;43;73;188;358;154
Sønderkærskolen;2246;4361;Hvidovre;80;534;983;94;207;41;89;230;410;145
Medborgerhuset;2631;4628;Hvidovre;80;535;853;134;262;43;125;325;601;232
Dansborghallen;2895;5102;Hvidovre;80;536;929;169;250;71;171;344;616;275
Frihedens Idrætscenter;2889;5212;Hvidovre;80;537;989;185;252;45;142;260;708;246
Avedøre Skole;2896;5545;Hvidovre;80;538;1019;223;241;50;135;246;619;299
Avedøre Idrætscenter;2026;4680;Hvidovre;80;539;729;124;247;39;81;222;408;138
Ejstrup;959;1756;Ikast;20;540;338;112;52;13;21;50;146;202
Gludsted;245;434;Ikast;20;541;74;32;6;4;3;12;40;67
Nørre-Snede;1068;1833;Ikast;20;542;446;88;50;13;22;107;138;186
Hampen;223;404;Ikast;20;543;97;16;8;0;4;13;38;41
Klovborg;435;789;Ikast;20;544;157;47;14;9;15;23;56;106
Pårup;225;375;Ikast;20;545;85;25;15;6;8;12;20;44
Brande By;2670;5359;Ikast;20;546;927;371;129;57;100;128;370;535
Blåhøj;391;694;Ikast;20;547;129;75;15;6;12;13;26;105
Uhre;201;338;Ikast;20;548;60;30;6;3;8;6;17;64
Drantum;139;233;Ikast;20;549;32;26;6;1;4;11;15;39
Ikast;6254;11803;Ikast;20;550;1916;776;231;145;251;311;936;1536
Isenvad;453;746;Ikast;20;551;145;45;16;6;9;14;39;168
Bording;1358;2377;Ikast;20;552;422;143;54;26;32;48;189;397
Agerskov-Stubkjær;195;297;Ikast;20;553;58;27;6;5;1;6;18;70
Engesvang;1021;1764;Ikast;20;554;300;81;65;19;56;84;232;167
Asnæs;1727;3146;Kalundborg;54;555;528;136;126;21;88;164;322;299
Fårevejle;1659;3038;Kalundborg;54;556;562;90;150;34;87;149;276;270
Grevinge;1032;1976;Kalundborg;54;557;381;73;95;15;33;78;182;151
Hørve;1354;2561;Kalundborg;54;558;435;90;110;28;55;133;223;244
Odden;643;1101;Kalundborg;54;559;275;20;59;10;27;47;99;90
Vig;1364;2491;Kalundborg;54;560;470;88;113;29;62;114;221;244
Nykøbing;2630;4916;Kalundborg;54;561;800;184;260;49;128;255;554;346
Rørvig;883;1331;Kalundborg;54;562;229;56;80;21;51;125;170;139
Egebjerg;686;1164;Kalundborg;54;563;202;45;82;10;30;93;90;116
Højby;1572;2949;Kalundborg;54;564;587;71;174;20;72;132;289;198
Lumsås;342;562;Kalundborg;54;565;112;15;33;5;24;38;51;58
Nr. Asmindrup;478;848;Kalundborg;54;566;164;30;55;7;17;44;77;65
Snertinge;1366;2730;Kalundborg;54;567;531;71;140;33;38;112;220;197
Sejerø;210;310;Kalundborg;54;568;68;6;28;2;11;17;33;37
Svebølle;1725;3389;Kalundborg;54;569;580;70;201;14;54;169;290;296
Gørlev;1247;2338;Kalundborg;54;570;439;67;93;20;23;94;241;234
Kr. Helsinge;780;1365;Kalundborg;54;571;260;43;74;14;24;42;97;206
Reersø;322;497;Kalundborg;54;572;141;16;29;3;16;29;38;46
Svallerup;547;942;Kalundborg;54;573;218;26;41;10;13;39;78;114
Ubby;1253;2416;Kalundborg;54;574;428;84;88;18;49;76;211;263
Høng;1999;3813;Kalundborg;54;575;734;126;152;41;74;135;349;341
Buerup;784;1402;Kalundborg;54;576;239;49;90;17;29;79;105;164
Gierslev;573;1051;Kalundborg;54;577;206;35;48;8;22;50;73;120
Kalundborghallen;1630;3073;Kalundborg;54;578;500;91;123;24;92;178;329;263
Rynkevang;1214;2743;Kalundborg;54;579;531;51;97;15;48;88;230;116
Tømmerup;682;1255;Kalundborg;54;580;261;33;33;16;32;51;94;139
Årby-Rørby;1426;2617;Kalundborg;54;581;567;75;77;12;55;109;244;241
Raklev;1977;3389;Kalundborg;54;582;637;108;141;39;98;203;354;365
Røsnæs;423;677;Kalundborg;54;583;152;26;41;7;11;48;51;77
Ulshøj;1591;3131;Kalundborg;54;584;517;115;85;28;75;124;344;277
Centrum Nord;3001;5672;Kolding Nord;33;585;753;244;210;137;202;355;477;538
Nordbyen;1543;3602;Kolding Nord;33;586;457;95;142;36;87;158;325;206
Vestbyen;2184;4239;Kolding Nord;33;587;665;177;145;49;127;200;433;346
Strandhuse/Nr. Bjert/ Eltang;3879;5894;Kolding Nord;33;588;968;504;125;160;293;228;498;1028
Bramdrupdam;2428;4050;Kolding Nord;33;589;741;273;91;54;105;143;410;559
Alminde-Viuf/Vester Nebel;2044;3486;Kolding Nord;33;590;578;203;81;69;101;97;284;584
Lunderskov/Jordrup;2467;4170;Kolding Nord;33;591;650;215;129;40;79;126;322;846
Centrum Syd;2163;4578;Kolding Syd;34;592;736;134;170;73;103;196;386;302
Sydbyen;3382;6499;Kolding Syd;34;593;953;274;265;128;212;368;555;525
Seest;2680;4403;Kolding Syd;34;594;816;274;139;68;109;229;475;511
Dalby/Tved/Rebæk;1971;3140;Kolding Syd;34;595;484;224;50;87;122;115;300;559
S Bjert/S Stenderup/Vejstrup;1930;3284;Kolding Syd;34;596;507;163;126;54;107;246;291;404
Vonsild;1205;2043;Kolding Syd;34;597;450;95;53;21;36;62;216;240
Vamdrup/Hjarup/Ødis;2942;5525;Kolding Syd;34;598;1002;339;167;58;101;112;441;651
Chr.Feld/Stepping/Taps/Hejls;2766;5110;Kolding Syd;34;599;876;282;122;61;102;145;421;711
6. Utterslev;7307;15336;Utterslev;83;600;1218;351;1230;181;800;1539;1242;494
6. Nord;3846;7268;Utterslev;83;601;750;200;551;96;368;756;776;254
6. Øst;2065;3968;Utterslev;83;602;439;121;329;43;182;355;416;134
6. Syd;4839;9371;Utterslev;83;603;677;192;908;151;527;1114;818;275
7. Brønshøj;2392;3849;Brønshøj;82;604;469;139;287;71;232;494;460;190
7. Nord;697;2236;Brønshøj;82;605;207;14;111;4;42;90;179;28
7. Syd;4061;7102;Brønshøj;82;606;702;245;486;108;472;836;800;313
7. Øst;4627;7980;Brønshøj;82;607;782;240;682;103;492;962;926;340
7. Vest;2933;6061;Brønshøj;82;608;679;123;420;73;243;521;596;217
7. Nordvest;4569;8010;Brønshøj;82;609;1024;261;598;98;396;776;995;337
7. Katrinedal;2595;4341;Brønshøj;82;610;473;171;302;83;266;392;521;229
7. Kirkebjerg;3284;5094;Brønshøj;82;611;508;187;419;102;362;708;623;296
7. Vanløse;5889;10180;Brønshøj;82;612;1073;389;730;185;545;1070;1208;571
3. Indre By;6003;14383;Indre By;86;613;511;438;676;235;967;1382;1047;611
3. Nord;4133;6220;Indre By;86;614;378;339;387;179;644;865;757;510
3. Syd;5419;8468;Indre By;86;615;450;236;936;194;699;1413;973;397
3. Øst;6923;11571;Indre By;86;616;743;656;671;361;1063;1265;1169;856
5. Nørrebro;6134;10236;Nørrebro;85;617;496;233;1060;128;808;1889;1020;300
5. Nord;7336;13596;Nørrebro;85;618;639;261;1256;208;956;2133;1228;433
5. Syd;3509;5890;Nørrebro;85;619;296;123;720;78;458;987;608;162
5. Øst;3264;5300;Nørrebro;85;620;212;144;487;94;500;926;549;216
5. Vest;4231;6931;Nørrebro;85;621;390;136;785;93;528;1242;747;216
5. Nordvest;5927;9950;Nørrebro;85;622;495;168;1049;140;839;1784;969;276
5. Midt;1872;3254;Nørrebro;85;623;140;77;300;55;292;470;341;133
2. Sundbyvester;6351;12779;Sundbyvester;92;624;1603;303;772;158;541;1132;1233;466
2. Nord;6377;12503;Sundbyvester;92;625;1069;254;922;180;794;1372;1153;458
2. Syd;4989;9067;Sundbyvester;92;626;722;301;476;266;739;931;884;547
2. Vest;5843;9413;Sundbyvester;92;627;695;412;568;271;852;1125;1089;671
4. Sundbyøster;4564;8994;Sundbyøster;91;628;897;216;668;113;466;864;813;391
4. Nord;7014;13628;Sundbyøster;91;629;1133;303;1087;247;851;1452;1224;518
4. Syd;4275;8133;Sundbyøster;91;630;893;206;596;111;424;779;774;389
4. Øst;4671;8161;Sundbyøster;91;631;837;286;520;142;533;895;926;440
8. Valby;4735;8072;Valby;89;632;772;320;556;148;516;910;974;418
8. Nord;4993;8521;Valby;89;633;814;289;655;170;531;1039;872;476
8. Syd;2156;4555;Valby;89;634;600;117;278;48;143;302;466;164
8. Vest;2258;4862;Valby;89;635;601;115;297;77;182;370;420;141
8. Sydøst;1943;3656;Valby;89;636;366;95;271;49;171;428;383;135
8. Midt;3421;6086;Valby;89;637;576;222;431;111;386;664;631;297
9. Vesterbro;4401;7085;Vesterbro;90;638;352;141;679;82;614;1397;827;198
9. Nord;4840;8247;Vesterbro;90;639;355;188;699;133;829;1343;909;281
9. Syd;4134;8538;Vesterbro;90;640;916;150;858;97;241;831;731;182
9. Øst;3867;6305;Vesterbro;90;641;277;151;526;108;681;1057;716;255
9. Vest;3282;5425;Vesterbro;90;642;344;103;534;76;482;869;625;177
9. Midt;1470;2892;Vesterbro;90;643;250;52;223;42;171;370;227;85
9. Sydhavn;2151;3685;Vesterbro;90;644;256;230;141;132;375;266;337;367
1. Østerbro;8454;13437;Østerbro;84;645;846;591;937;343;1292;1701;1550;977
1. Nord;3390;5699;Østerbro;84;646;543;302;283;152;469;522;606;428
1. Syd;9008;14329;Østerbro;84;647;933;638;904;360;1419;1983;1654;922
1. Vest;5999;10824;Østerbro;84;648;948;394;780;210;748;1131;1126;515
1. Nordvest;5600;9442;Østerbro;84;649;886;387;566;200;747;1048;1113;514
Køge By - Midt;2047;3381;Køge;52;650;580;228;124;64;120;207;358;315
Køge By - Vest;2177;4145;Køge;52;651;697;142;181;48;100;202;489;256
Lellinge;452;710;Køge;52;652;124;60;26;14;25;39;71;83
Højelse / Lille Skensved;1003;1597;Køge;52;653;367;58;48;38;43;86;165;169
Ølby;2039;3934;Køge;52;654;717;144;190;48;97;149;375;262
Ølsemagle;1747;3062;Køge;52;655;666;111;103;41;76;125;298;301
Herfølge;1317;2477;Køge;52;656;408;117;94;24;47;121;261;213
Alkestrup;614;1028;Køge;52;657;223;57;38;22;18;53;88;96
Hastrup;2292;4027;Køge;52;658;699;174;172;48;112;213;467;349
Køge By - Nord;2326;3864;Køge;52;659;651;203;185;65;136;228;415;390
Herfølge - Syd;1463;2620;Køge;52;660;489;108;170;21;55;163;238;188
Borup;2740;4349;Køge;52;661;795;252;228;88;142;302;443;422
Ejby;1667;2752;Køge;52;662;602;149;117;43;89;100;240;292
Gørslev;591;964;Køge;52;663;202;53;47;13;24;44;79;116
Bjæverskov;1491;2577;Køge;52;664;578;146;73;31;50;80;202;300
Vemmedrup;835;1262;Køge;52;665;300;80;37;19;43;58;150;131
Hyllinge-Lyndby;1752;2890;Køge;52;666;534;121;140;46;81;186;246;357
Rye;1129;1944;Køge;52;667;369;78;86;36;67;119;189;167
Sæby-Gershøj;804;1245;Køge;52;668;260;44;69;26;53;96;120;120
Sonnerup;713;1120;Køge;52;669;247;58;55;12;35;68;92;116
Glim;593;920;Køge;52;670;159;40;47;15;29;60;102;126
Hvalsø;2191;3278;Køge;52;671;528;175;181;47;167;349;431;269
Kr.Såby;1410;2193;Køge;52;672;454;100;109;40;59;168;222;222
Gevninge;1428;2146;Køge;52;673;340;102;82;63;91;171;243;306
Lejre;1424;1931;Køge;52;674;189;131;93;75;154;241;232;289
Osted;1420;2287;Køge;52;675;404;121;86;33;83;177;219;262
Holeby;1439;2734;Lolland;61;676;462;83;116;22;36;81;335;267
Søllested;902;1724;Lolland;61;677;374;54;58;12;18;58;162;143
Maribo;2991;5515;Lolland;61;678;863;221;191;30;89;255;675;577
Østofte;1467;2811;Lolland;61;679;519;75;180;22;24;75;247;287
Nakskov Idrætscenter;3448;7774;Lolland;61;680;1218;187;262;38;78;360;823;347
Nakskov Stormarkskolen;2095;4394;Lolland;61;681;713;132;177;25;49;221;472;244
Fejø;235;379;Lolland;61;682;79;14;30;3;9;37;26;33
Horslunde;1109;2331;Lolland;61;683;409;40;94;11;15;78;235;177
Dannemare;1234;2348;Lolland;61;684;453;87;85;7;13;85;246;224
Rødby;1446;3022;Lolland;61;685;504;101;115;24;32;79;272;287
Rødbyhavn;603;1350;Lolland;61;686;252;18;52;8;9;42;144;62
Lyngby Midt;2777;4705;Lyngby;73;687;598;318;221;117;285;327;448;412
Lindegård;2583;4400;Lyngby;73;688;663;250;248;79;203;315;474;292
Trongård;2882;4696;Lyngby;73;689;541;414;199;200;281;300;424;451
Engelsborg;3287;5019;Lyngby;73;690;601;407;175;180;412;388;484;570
Taarbæk;802;1090;Lyngby;73;691;116;110;47;35;120;101;129;132
Virum;3554;4796;Lyngby;73;692;438;623;139;190;514;407;487;705
Hummeltofte;2562;3552;Lyngby;73;693;406;355;127;133;367;319;421;393
Fuglsanggård;2515;3907;Lyngby;73;694;493;303;188;109;276;305;413;378
Kongevej;1668;2185;Lyngby;73;695;220;214;90;59;298;244;273;238
Lundtofte;2891;4480;Lyngby;73;696;505;383;212;110;335;384;500;401
Assens;939;1819;Mariagerfjord;9;697;355;46;81;12;22;69;218;117
Mariager;1745;3135;Mariagerfjord;9;698;521;185;131;49;69;152;236;359
Arden;1334;2819;Mariagerfjord;9;699;330;83;112;33;56;131;327;237
Valsgaard;853;1627;Mariagerfjord;9;700;234;74;50;16;38;51;145;223
Vebbestrup;921;1810;Mariagerfjord;9;701;323;82;60;17;28;44;143;207
Hadsund;2679;5289;Mariagerfjord;9;702;790;208;167;53;67;168;612;565
Veddum-Skelund;424;875;Mariagerfjord;9;703;117;29;34;20;14;30;92;80
Als;941;1979;Mariagerfjord;9;704;288;73;52;21;18;40;207;220
Hørby;1362;2599;Mariagerfjord;9;705;386;115;78;34;46;84;282;312
Onsild;908;1743;Mariagerfjord;9;706;297;61;61;35;43;59;138;198
Hobro;3818;8003;Mariagerfjord;9;707;1027;330;270;85;173;353;850;652
Middelfart V;2896;5094;Middelfart;41;708;740;306;200;45;156;273;750;361
Middelfart Ø;2989;5085;Middelfart;41;709;786;410;160;55;179;218;748;366
Strib;2271;3338;Middelfart;41;710;536;351;79;77;157;172;420;441
Hyllehøj;1069;1898;Middelfart;41;711;326;143;49;24;50;60;229;173
Aulby;627;1086;Middelfart;41;712;188;70;36;8;26;54;109;120
Nørre Aaby;1595;2831;Middelfart;41;713;417;220;103;32;78;141;313;242
Baaring;898;1475;Middelfart;41;714;241;100;42;34;38;83;150;184
Ejby;1265;2275;Middelfart;41;715;341;195;61;22;49;91;246;223
Gelsted;1090;2055;Middelfart;41;716;348;163;75;17;36;65;192;168
Brenderup;1129;2016;Middelfart;41;717;316;154;49;15;56;98;190;218
Fjelsted/Harndrup;758;1263;Middelfart;41;718;226;145;27;13;23;51;131;110
Bogense;1753;3042;Middelfart;41;719;466;382;105;16;37;93;412;208
Klinte;450;767;Middelfart;41;720;160;89;34;7;12;25;64;59
Kongslund;681;1261;Middelfart;41;721;205;141;35;8;22;49;106;103
Horsebæk;563;961;Middelfart;41;722;183;119;32;4;17;21;90;90
Krogsbølle;875;1529;Middelfart;41;723;247;191;76;7;23;49;145;122
Otterup;2226;3895;Middelfart;41;724;631;429;105;23;47;113;537;300
Løkkemark;608;1000;Middelfart;41;725;177;160;32;4;15;29;85;102
Skovløkke;567;938;Middelfart;41;726;152;81;59;5;22;44;94;90
Veflinge;689;1118;Middelfart;41;727;182;130;38;14;11;53;146;97
Hårslev;565;989;Middelfart;41;728;160;95;40;16;21;42;90;92
Morud;1282;1982;Middelfart;41;729;323;256;68;37;62;96;238;204
Særslev;674;1166;Middelfart;41;730;165;150;40;12;21;38;117;119
Søndersø;1781;3170;Middelfart;41;731;478;419;85;26;42;108;380;210
Mesinge;1017;1619;Nyborg;42;732;219;157;131;13;43;101;187;138
Kerteminde 1;1932;3050;Nyborg;42;733;488;359;144;47;104;167;370;221
Kerteminde 2;1369;2073;Nyborg;42;734;407;244;94;14;60;112;254;156
Nymarken;1070;1731;Nyborg;42;735;304;161;105;11;46;124;160;134
Marslev;952;1601;Nyborg;42;736;322;145;57;12;22;66;154;142
Langeskov;2006;3374;Nyborg;42;737;577;385;77;40;46;106;426;287
Munkebo;2557;4578;Nyborg;42;738;737;308;254;37;78;185;694;199
Aunslev Forsamlingshus;804;1341;Nyborg;42;739;234;117;59;10;26;63;133;139
Nyborghallen;3266;6183;Nyborg;42;740;924;393;283;55;107;282;828;330
Borgerforeningens Hus;2888;5024;Nyborg;42;741;720;386;215;54;130;254;725;316
Vindinge Forsamlingshus;1403;2442;Nyborg;42;742;367;205;105;29;48;110;303;201
Langå, Svindinge Og Øksendrup;505;828;Nyborg;42;743;142;73;53;8;19;37;58;109
Ullerslev;1312;2249;Nyborg;42;744;396;239;83;28;23;64;291;154
Skellerup;513;855;Nyborg;42;745;163;87;30;6;12;19;102;76
Langtved;452;690;Nyborg;42;746;125;57;24;8;19;33;94;77
Ørbæk;1250;2290;Nyborg;42;747;345;216;63;14;24;56;212;291
Frørup Og Tårup;706;1063;Nyborg;42;748;184;101;51;5;35;47;132;128
Ellested Og Herrested;542;986;Nyborg;42;749;123;85;34;11;17;55;87;106
Fuglebjerg Hallen;1793;3391;Næstved;57;750;572;133;161;45;64;191;260;324
Everdrup;502;795;Næstved;57;751;161;31;44;15;14;44;82;108
Grønbro-Hallen;821;1609;Næstved;57;752;297;36;75;17;35;61;122;151
Næstelsø - Mogenstrup;1173;1904;Næstved;57;753;325;104;70;19;52;82;220;266
Tybjerg;455;757;Næstved;57;754;147;27;37;49;22;8;73;81
Snesere;1084;1951;Næstved;57;755;344;74;76;23;41;82;207;215
Hammer - Vester Egesborg;710;1296;Næstved;57;756;209;61;61;19;17;66;104;159
Fensmark;2026;3652;Næstved;57;757;630;175;116;35;74;169;481;291
Holme-Olstrup;663;1089;Næstved;57;758;247;61;45;17;12;45;123;94
Toksværd;693;1256;Næstved;57;759;234;54;75;11;21;61;113;109
Glumsø;1494;2437;Næstved;57;760;406;101;141;30;45;184;316;234
Sandby;248;436;Næstved;57;761;90;12;13;11;10;29;39;41
Skelby;286;507;Næstved;57;762;98;23;26;6;8;19;38;68
Herlufmagle;1401;2453;Næstved;57;763;455;97;106;25;54;108;265;255
Ll. Næstved Skole-Karrebækvej;1981;3591;Næstved;57;764;497;185;136;53;80;165;471;338
Grønnegades Kaserne;1441;2980;Næstved;57;765;394;109;138;33;68;142;303;192
Kildemarkskolen;2084;4294;Næstved;57;766;594;109;243;50;96;210;494;214
Næstved Hallerne;2525;4664;Næstved;57;767;732;204;140;68;128;258;581;344
Sct. Jørgens Skole;2691;5022;Næstved;57;768;781;189;217;53;106;265;691;333
Kalbyrisskolen;1496;2768;Næstved;57;769;484;72;150;23;71;123;383;148
Ll Næstved Skole-Herlufsholmve;1675;2649;Næstved;57;770;387;160;102;38;103;151;376;324
Herlufsholmhallen;2218;4342;Næstved;57;771;671;204;135;62;104;131;451;408
Sydbyskolen;1766;3732;Næstved;57;772;580;89;153;33;64;154;469;182
Rønnebæk;413;647;Næstved;57;773;111;21;34;8;14;42;81;90
Hyllinge;807;1502;Næstved;57;774;221;55;83;18;21;68;145;175
Karrebæk;1204;1982;Næstved;57;775;368;99;70;27;42;114;236;226
Rådhuset;5491;9631;Odense Syd;70;776;857;812;474;172;540;809;984;650
Sct. Knuds Gymnasium;2966;4203;Odense Syd;70;777;491;623;144;110;277;311;487;453
Rosengårdskolen;3317;6038;Odense Syd;70;778;710;448;284;92;231;411;705;329
Sanderumhallen;5083;8297;Odense Syd;70;779;1191;967;296;87;259;482;1122;587
Rasmus Rask Skolen;2409;3815;Odense Syd;70;780;591;579;94;49;131;141;425;333
Tingløkkeskolen;2929;4833;Odense Syd;70;781;613;510;165;70;226;353;570;344
Dalumskolen;4073;6927;Odense Syd;70;782;1016;688;276;113;234;395;868;384
Stenløse Forsamlingshus;1610;2406;Odense Syd;70;783;332;347;103;30;104;160;279;222
Fangel Forsamlingshus;474;710;Odense Syd;70;784;130;109;28;16;19;36;63;60
Højby Skole;2394;3909;Odense Syd;70;785;629;381;165;36;108;206;555;270
Jernbanegades Skole / Vuc;4405;7904;Odense Vest;69;786;692;526;449;176;451;734;786;421
Højstrupskolen;3696;7671;Odense Vest;69;787;1012;437;417;63;156;457;831;217
Lumby Forsamlingshus;568;900;Odense Vest;69;788;165;137;39;5;14;46;84;69
Stige Skole;2885;4805;Odense Vest;69;789;818;522;223;37;71;230;674;231
Spurvelundskolen;1880;3141;Odense Vest;69;790;546;440;118;31;65;118;378;145
Kroggårdskolen;3048;5011;Odense Vest;69;791;766;597;216;49;113;277;709;246
Tarup Skole;3027;4478;Odense Vest;69;792;734;639;155;46;142;256;693;290
Paarup Hallen;2123;3629;Odense Vest;69;793;544;458;98;50;94;145;458;237
Korup Skole;2171;3572;Odense Vest;69;794;638;461;125;28;72;120;472;217
Ubberudhallen;1327;2267;Odense Vest;69;795;395;239;64;31;71;109;221;169
Skt. Jørgens Hallen;4666;9011;Odense Øst;71;796;829;674;477;140;422;725;761;462
Sct. Hans Skole;4419;7941;Odense Øst;71;797;886;531;453;95;303;657;1055;309
Risingskolen;1565;3054;Odense Øst;71;798;277;147;166;27;119;233;368;180
Munkebjergskolen;4339;7723;Odense Øst;71;799;774;638;358;141;381;540;849;509
Kragsbjergskolen;2512;5513;Odense Øst;71;800;598;287;273;28;178;298;544;233
Agedrup Skole;1279;2174;Odense Øst;71;801;435;209;73;14;35;84;288;115
Fjordager Hallen;2481;4306;Odense Øst;71;802;748;342;192;19;81;235;574;217
Fraugde Fritidscenter;1388;2531;Odense Øst;71;803;355;218;96;32;56;131;297;172
Camp U;1774;5459;Odense Øst;71;804;479;171;186;19;79;217;509;75
Tornbjerg Skole;2096;3638;Odense Øst;71;805;471;246;209;42;120;292;459;186
Havndalhallen;573;1191;Randers Nord;15;806;200;31;46;3;10;29;113;126
Råby Forsamlingshus;479;937;Randers Nord;15;807;181;18;54;8;9;26;81;93
Øster Tørslev Fritidslokaler;608;1130;Randers Nord;15;808;191;38;44;12;13;32;116;145
Korshøjskolen;1085;1990;Randers Nord;15;809;314;74;73;23;34;71;202;262
Hald Forsamlingshus;679;1214;Randers Nord;15;810;281;37;43;5;17;48;126;111
Gjerlev Enslev Skole;590;1106;Randers Nord;15;811;222;30;51;3;18;36;99;121
Rismølleskolen;1939;3637;Randers Nord;15;812;615;143;122;41;82;143;450;292
Rytterskolen;1169;1992;Randers Nord;15;813;324;115;51;39;53;75;225;270
Hornbækhallen;1842;2931;Randers Nord;15;814;492;205;82;75;119;135;280;418
Blicherskolen;1043;1990;Randers Nord;15;815;388;68;56;18;26;43;221;193
Kultur-Aktivitetshuset Gassum;330;671;Randers Nord;15;816;137;16;22;3;10;16;53;66
Nyvangsskolen;2088;4197;Randers Nord;15;817;778;105;190;22;59;152;518;213
Nørrevangsskolen;1594;3896;Randers Nord;15;818;617;61;164;28;53;110;413;104
Vestervangsskolen;2669;5275;Randers Nord;15;819;755;164;218;54;114;218;655;414
Østervangsskolen;1470;3120;Randers Nord;15;820;501;84;151;24;44;141;333;142
Kulturhuset Langå;1270;2364;Randers Syd;16;821;326;64;113;26;60;155;297;203
Stevnstrup Forsamlingshus;1102;1897;Randers Syd;16;822;356;106;57;24;53;75;171;228
Jebjerg Forsamlingshus;424;672;Randers Syd;16;823;155;21;35;11;12;30;50;105
Asferg Træningshus;454;886;Randers Syd;16;824;191;27;27;14;20;18;51;95
Purhushallen;525;1008;Randers Syd;16;825;202;41;30;11;17;29;85;102
Ø. Bjerregrav Forsamlingshus;1073;1834;Randers Syd;16;826;335;66;53;36;39;86;224;211
Hadsundvejens Skole;2217;4404;Randers Syd;16;827;628;110;210;62;77;196;635;239
Hobrovejens Skole;1441;3221;Randers Syd;16;828;411;92;118;48;78;155;294;203
Fritidscentret;1648;4036;Randers Syd;16;829;481;90;169;57;88;152;337;208
Søndermarkskolen;3135;6086;Randers Syd;16;830;1068;220;187;83;116;239;698;469
Kristrup Skole;1705;3306;Randers Syd;16;831;563;148;122;47;61;139;372;215
Paderup Gymnasium;831;1616;Randers Syd;16;832;307;62;44;21;30;42;137;174
Romalt Aktivitetshal;1440;2445;Randers Syd;16;833;501;107;69;35;48;70;295;275
Assentofthallen;1644;2940;Randers Syd;16;834;513;159;67;47;55;78;272;430
Uggelhuse Forsamlingshus;440;775;Randers Syd;16;835;139;25;56;16;8;27;77;75
Tarm,Foersum;1769;3298;Ringkøbing;17;836;459;205;73;37;64;112;276;504
Holmsland;617;1028;Ringkøbing;17;837;169;70;21;10;21;32;61;228
Hoven;275;453;Ringkøbing;17;838;85;19;13;7;5;18;25;98
Ådum;319;506;Ringkøbing;17;839;90;32;10;9;14;11;15;134
Lyne;236;413;Ringkøbing;17;840;62;23;13;5;6;14;29;83
Sdr. Vium;173;326;Ringkøbing;17;841;52;19;8;3;7;15;16;46
Hemmet;233;428;Ringkøbing;17;842;87;30;10;7;4;9;22;52
Sdr. Og Nr. Bork;336;644;Ringkøbing;17;843;88;26;14;5;6;18;37;134
Lønborg,Vostrup;323;572;Ringkøbing;17;844;89;39;20;9;15;26;28;93
Hvide Sande;1288;2519;Ringkøbing;17;845;405;147;50;18;38;65;130;407
Vedersø;178;278;Ringkøbing;17;846;37;12;11;2;11;9;14;79
Velling;646;959;Ringkøbing;17;847;122;56;45;12;45;69;101;182
Ølstrup;202;313;Ringkøbing;17;848;44;9;10;7;13;15;15;80
Ringkøbing By;2168;3843;Ringkøbing;17;849;528;193;148;59;109;166;383;525
Rindum;1768;3129;Ringkøbing;17;850;450;213;74;37;79;150;282;442
Hee;347;645;Ringkøbing;17;851;116;21;13;5;8;23;46;108
Hover;186;313;Ringkøbing;17;852;34;18;4;11;10;10;13;81
No;282;468;Ringkøbing;17;853;94;22;16;2;6;18;25;92
Stadil;202;332;Ringkøbing;17;854;51;11;8;2;6;9;12;100
Højmark;326;560;Ringkøbing;17;855;55;18;12;11;12;15;40;157
Lem;571;1051;Ringkøbing;17;856;172;53;31;12;18;29;73;169
Tim;474;878;Ringkøbing;17;857;129;34;24;13;13;30;51;164
Torsted;163;261;Ringkøbing;17;858;36;8;9;2;5;25;22;54
Skjern;3213;5932;Ringkøbing;17;859;807;429;114;47;101;147;498;980
Borris;546;962;Ringkøbing;17;860;121;57;21;10;11;16;55;244
Faster;356;603;Ringkøbing;17;861;56;52;17;6;7;10;37;164
Rk Mølle;718;1175;Ringkøbing;17;862;170;118;26;10;20;25;51;284
Stauning;555;876;Ringkøbing;17;863;125;42;29;14;12;23;62;240
Herborg;337;523;Ringkøbing;17;864;92;56;8;5;12;12;32;117
Videbæk;1843;3217;Ringkøbing;17;865;585;246;56;40;48;61;250;526
Nr.Vium;280;490;Ringkøbing;17;866;83;44;9;7;8;11;21;96
Troldhede;260;577;Ringkøbing;17;867;80;33;13;6;5;16;33;67
Vorgod-Barde;750;1354;Ringkøbing;17;868;224;124;21;15;27;28;83;220
Fjelstervang;301;499;Ringkøbing;17;869;96;22;13;2;10;8;24;118
Spjald;949;1693;Ringkøbing;17;870;255;115;20;31;31;41;106;327
Grønbjerg;263;481;Ringkøbing;17;871;75;18;7;5;11;19;24;97
Ringsted Nørretorv;4061;7891;Ringsted;55;872;1144;348;269;131;252;316;738;765
Bringstrup;367;616;Ringsted;55;873;112;34;27;13;15;35;44;83
Gyrstinge;381;586;Ringsted;55;874;123;32;27;10;22;47;45;71
Benløse;2190;3789;Ringsted;55;875;788;154;124;54;85;145;433;359
Haraldsted;639;998;Ringsted;55;876;203;47;62;20;19;92;76;102
Ringsted Dagmarskolen;2210;4305;Ringsted;55;877;704;144;169;66;126;227;434;292
Jystrup;723;1069;Ringsted;55;878;154;24;72;23;58;157;133;87
Kværkeby;555;973;Ringsted;55;879;166;67;35;24;32;42;86;91
Vetterslev;650;1003;Ringsted;55;880;206;51;41;18;51;48;102;117
Sneslev;316;531;Ringsted;55;881;122;20;31;4;6;27;40;61
Nordrup;516;836;Ringsted;55;882;172;54;47;19;31;40;68;73
Vigersted;604;1004;Ringsted;55;883;206;52;43;5;25;50;107;101
Ørslev;378;670;Ringsted;55;884;150;22;34;11;13;27;52;58
Dianalund;2278;4408;Ringsted;55;885;882;235;151;40;81;195;326;321
Ruds Vedby;791;1533;Ringsted;55;886;325;65;76;17;21;51;120;93
Alsted Fjenneslev;807;1411;Ringsted;55;887;310;41;62;11;29;63;123;145
Sorø;2444;4062;Ringsted;55;888;549;293;188;68;181;310;457;339
Frederiksberg;2327;3503;Ringsted;55;889;477;220;191;62;171;386;420;350
Pedersborg;1634;2957;Ringsted;55;890;488;158;92;43;87;166;259;304
Stenlille;2315;4241;Ringsted;55;891;837;172;188;43;92;215;368;348
Roskilde Bymidte;2598;4375;Roskilde;51;892;431;219;284;63;214;448;503;351
Klostermarken;2962;4323;Roskilde;51;893;541;295;236;83;284;427;572;464
Sankt Jørgen;3669;6212;Roskilde;51;894;691;216;367;71;290;735;804;414
Hedegårdene;2026;3596;Roskilde;51;895;471;100;224;44;181;354;375;228
Østervang;2776;5177;Roskilde;51;896;758;165;317;78;182;375;540;290
Himmelev;3968;5723;Roskilde;51;897;673;450;226;126;442;492;734;744
Svogerslev;2175;3287;Roskilde;51;898;512;199;162;49;147;242;469;348
Vindinge;1153;1753;Roskilde;51;899;284;93;78;29;92;105;208;227
Vor Frue;545;855;Roskilde;51;900;182;25;48;20;24;74;86;75
Æblehaven;2564;5221;Roskilde;51;901;704;149;332;52;174;370;465;243
Gundsølille;1551;2502;Roskilde;51;902;436;95;103;33;106;159;260;320
Jyllinge;2731;4582;Roskilde;51;903;825;259;131;105;177;250;419;511
Gundsømagle;1256;1987;Roskilde;51;904;402;101;63;33;70;113;238;206
Baunehøj;1847;2776;Roskilde;51;905;608;195;77;73;118;118;290;338
Gadstrup;1086;1695;Roskilde;51;906;304;83;61;25;58;127;208;195
Viby;2072;3259;Roskilde;51;907;592;166;122;43;108;182;457;354
Snoldelev;519;832;Roskilde;51;908;167;39;25;11;27;40;86;113
Dåstrup;776;1213;Roskilde;51;909;219;65;62;16;46;77;154;118
Trekroner;1577;2569;Roskilde;51;910;154;88;162;50;261;365;270;189
Blovstrød;1393;1922;Rudersdal;49;911;250;222;59;51;164;164;206;260
Skovvang;2354;3516;Rudersdal;49;912;528;275;165;100;222;263;405;346
Lillerød;2929;4106;Rudersdal;49;913;503;438;135;108;373;315;488;519
Lynge;2452;3695;Rudersdal;49;914;588;301;135;106;213;230;323;511
Ravnsholt;2887;4067;Rudersdal;49;915;519;479;101;156;329;240;384;627
Birkerød;3360;4856;Rudersdal;49;916;546;443;211;158;380;388;564;614
Høsterkøb;1130;1658;Rudersdal;49;917;181;224;50;70;136;96;99;259
Ny Holte;3317;4753;Rudersdal;49;918;454;524;109;241;438;301;398;813
Nærum;2456;3793;Rudersdal;49;919;526;318;134;98;212;227;413;465
Sjælsø;2642;3839;Rudersdal;49;920;427;322;150;129;361;308;406;484
Skovly;1791;2486;Rudersdal;49;921;266;295;64;142;217;149;195;439
Toftevang;3865;5708;Rudersdal;49;922;632;489;221;162;541;479;588;691
Trørød;2654;3859;Rudersdal;49;923;456;447;124;195;216;205;315;656
Vangebo;2127;2959;Rudersdal;49;924;296;398;63;196;250;154;196;541
Vedbæk;3548;5083;Rudersdal;49;925;627;686;118;283;329;220;316;927
Herlev Medborgerhus;3074;5784;Rødovre;76;926;934;223;328;60;156;329;692;275
Herlev Hallerne;3906;6149;Rødovre;76;927;1246;342;345;90;203;371;1022;201
Kildegårdhallen;4192;7874;Rødovre;76;928;1169;313;458;98;237;519;874;435
Ørbygård;1932;3177;Rødovre;76;929;526;135;187;44;134;271;407;178
Milestedet;687;1441;Rødovre;76;930;225;23;84;5;28;68;191;35
Rødovre;2416;4319;Rødovre;76;931;562;169;254;65;196;311;557;250
Valhøj;1867;3685;Rødovre;76;932;650;74;208;28;84;188;441;143
Rødovrehallen;1351;2676;Rødovre;76;933;427;66;148;27;47;153;347;91
Nyager;2230;3609;Rødovre;76;934;574;158;206;55;168;256;532;222
Tinderhøj;1636;2778;Rødovre;76;935;535;96;157;37;61;175;404;137
Islev;2331;4045;Rødovre;76;936;753;192;223;40;142;225;478;222
Broparken;774;1422;Rødovre;76;937;238;51;79;10;68;85;187;34
Ans;1469;2552;Silkeborg Nord;21;938;431;157;88;32;57;109;201;367
Funder;999;1745;Silkeborg Nord;21;939;305;106;67;27;52;105;161;154
Fårvang;742;1432;Silkeborg Nord;21;940;267;70;45;7;26;54;110;148
Gjern;905;1473;Silkeborg Nord;21;941;181;144;65;20;50;105;135;183
Grauballe;556;944;Silkeborg Nord;21;942;168;73;35;26;21;44;52;121
Gødvad;2602;4413;Silkeborg Nord;21;943;685;278;183;71;149;225;553;388
Kjellerup;2426;4172;Silkeborg Nord;21;944;701;244;128;64;107;157;443;525
Kragelund;598;951;Silkeborg Nord;21;945;176;63;35;10;25;54;93;128
Lemming;569;1004;Silkeborg Nord;21;946;149;55;55;13;23;67;80;119
Linå;738;1131;Silkeborg Nord;21;947;188;61;60;23;47;111;109;128
Resenbro;865;1389;Silkeborg Nord;21;948;229;77;50;22;51;89;189;140
Sejling;445;723;Silkeborg Nord;21;949;95;46;34;22;26;43;83;88
Sejs;2052;3014;Silkeborg Nord;21;950;430;279;96;80;165;251;372;340
Sjørslev;427;797;Silkeborg Nord;21;951;131;27;26;19;7;22;71;109
Sorring;809;1199;Silkeborg Nord;21;952;207;74;53;23;49;91;124;168
Thorning;1202;2168;Silkeborg Nord;21;953;394;118;56;27;42;71;160;310
Vinderslev;626;1013;Silkeborg Nord;21;954;187;57;47;19;15;37;76;166
Voel;785;1233;Silkeborg Nord;21;955;196;106;43;10;43;76;127;162
Balle;1916;2924;Silkeborg Syd;22;956;450;221;85;65;146;197;378;323
Bryrup;958;1620;Silkeborg Syd;22;957;241;76;91;26;58;109;158;171
Buskelund;2286;3428;Silkeborg Syd;22;958;434;334;72;107;204;163;373;559
Gjessø;581;862;Silkeborg Syd;22;959;142;45;35;28;35;71;73;129
Hjøllund;232;390;Silkeborg Syd;22;960;55;14;36;2;17;41;29;37
Langsøskolen;1132;2033;Silkeborg Syd;22;961;277;92;112;24;61;128;255;160
Lysbro;1307;1999;Silkeborg Syd;22;962;258;167;73;52;81;133;247;268
Nordre;1936;3445;Silkeborg Syd;22;963;487;181;211;48;103;244;368;253
Jysk Arena;2655;5046;Silkeborg Syd;22;964;705;277;242;57;124;258;595;336
Them;1593;2678;Silkeborg Syd;22;965;474;137;72;48;90;132;262;350
Vestergadehallen;4035;7418;Silkeborg Syd;22;966;861;387;398;106;301;535;764;571
Virklund;1641;2469;Silkeborg Syd;22;967;340;216;90;67;143;147;263;343
Odder;5361;9103;Skanderborg;31;968;1168;464;320;130;352;662;1102;1063
Torrild;221;338;Skanderborg;31;969;56;16;15;5;9;21;32;63
Saksild - Nølev;882;1272;Skanderborg;31;970;194;68;57;17;50;144;155;178
Randlev - Bjerager;623;981;Skanderborg;31;971;138;41;49;14;40;87;116;132
Hou, Gosmer - Halling;1073;1536;Skanderborg;31;972;214;84;78;27;71;188;201;192
Gylling;503;824;Skanderborg;31;973;148;48;34;7;41;68;65;86
Ørting-Falling;592;996;Skanderborg;31;974;168;40;48;7;33;52;123;110
Hundslund;618;987;Skanderborg;31;975;148;43;59;16;39;84;86;130
Alrø;98;113;Skanderborg;31;976;20;10;4;5;8;16;5;29
Tunø;69;95;Skanderborg;31;977;21;10;5;1;2;5;15;10
Tranebjerg;1466;2636;Skanderborg;31;978;375;133;152;38;67;187;219;264
Nordby;224;348;Skanderborg;31;979;54;30;30;0;10;31;39;29
Ejer Bavnehøj;1083;1728;Skanderborg;31;980;264;71;84;28;58;125;160;274
Galten;2521;4031;Skanderborg;31;981;714;224;115;67;132;167;529;520
Gl. Rye;891;1282;Skanderborg;31;982;146;52;82;29;94;198;153;126
Hørning;3563;5731;Skanderborg;31;983;1002;259;181;149;170;297;727;696
Låsby;1526;2571;Skanderborg;31;984;409;121;96;55;100;163;246;314
Morten Børup;4067;7206;Skanderborg;31;985;855;265;361;125;313;543;838;682
Niels Ebbesen;3036;4868;Skanderborg;31;986;572;253;160;141;271;280;530;782
Ry;3327;4909;Skanderborg;31;987;558;209;298;149;337;568;604;550
Skovby;1951;3233;Skanderborg;31;988;593;140;127;42;104;200;382;330
Stilling;2048;3095;Skanderborg;31;989;468;176;98;58;131;213;389;471
Stjær;967;1532;Skanderborg;31;990;248;74;86;20;64;112;173;227
Virring;935;1546;Skanderborg;31;991;285;48;51;30;54;91;169;187
Aakjær;2868;6262;Skive;10;992;848;196;279;62;184;241;554;443
Skivehus;2768;4887;Skive;10;993;703;245;126;68;219;186;559;600
Brårup;2755;5272;Skive;10;994;827;172;226;40;172;208;658;382
Højslev;1583;3017;Skive;10;995;495;110;93;29;54;80;303;381
Ørslevkloster;624;1073;Skive;10;996;209;31;39;2;27;44;76;184
Rønbjerg;384;640;Skive;10;997;120;31;45;12;13;21;63;69
Hem;412;717;Skive;10;998;98;35;28;4;14;34;72;117
Lihme;335;566;Skive;10;999;101;27;18;4;21;32;58;61
Oddense - Otting;364;710;Skive;10;1000;78;21;12;11;24;27;66;113
Rødding;626;1137;Skive;10;1001;197;45;40;1;36;29;96;166
Glyngøre;870;1550;Skive;10;1002;265;57;51;24;51;47;141;214
Durup;572;1122;Skive;10;1003;200;47;33;6;22;27;87;139
Roslev;872;1787;Skive;10;1004;262;60;55;14;50;24;159;230
Jebjerg-Lyby;709;1272;Skive;10;1005;186;37;60;10;42;38;152;167
Balling;767;1317;Skive;10;1006;235;45;49;19;43;33;134;185
Breum;849;1390;Skive;10;1007;250;56;56;15;37;49;131;232
Håsum-Ramsing;323;600;Skive;10;1008;111;14;32;4;11;16;52;77
Selde;625;1100;Skive;10;1009;174;42;48;14;24;39;117;153
Lem-Vejby;362;739;Skive;10;1010;122;19;28;4;22;27;56;71
Fur;408;665;Skive;10;1011;130;35;48;2;22;32;52;80
Dalmose;725;1377;Slagelse;56;1012;252;46;63;10;21;45;124;134
Flakkebjerg;545;943;Slagelse;56;1013;162;55;53;19;19;53;68;104
Slots Bjergby;705;1247;Slagelse;56;1014;219;54;42;27;52;50;108;145
Sørbymagle;795;1436;Slagelse;56;1015;255;68;41;38;32;59;136;144
Korsør Søndre Bydel;3230;5918;Slagelse;56;1016;1183;211;261;57;113;287;683;366
Korsør Nordre Bydel;2607;5449;Slagelse;56;1017;1011;119;288;61;84;218;535;235
Tårnborg;1023;1906;Slagelse;56;1018;403;62;83;14;24;62;202;152
Vemmelev;1322;2553;Slagelse;56;1019;528;77;75;41;40;81;225;225
Søndermark;2477;4813;Slagelse;56;1020;788;155;207;60;101;190;505;387
Rude;847;1319;Slagelse;56;1021;268;55;88;23;30;88;124;152
Skælskør Vest;1690;2953;Slagelse;56;1022;519;103;151;39;96;158;286;293
Agersø;97;157;Slagelse;56;1023;31;9;6;0;5;14;17;14
Boeslunde;614;1052;Slagelse;56;1024;226;52;48;19;12;52;72;118
Konfirmandstuen Eggeslevmagle;267;464;Slagelse;56;1025;71;21;26;9;8;20;39;69
Skælskør Øst;1196;2179;Slagelse;56;1026;374;92;110;13;48;104;217;203
Magleby Forsamlingshus;235;396;Slagelse;56;1027;78;10;25;9;8;23;28;48
Omø;91;138;Slagelse;56;1028;32;2;8;1;4;16;17;10
Tjæreby Forsamlingshus;317;566;Slagelse;56;1029;113;15;21;4;10;23;44;75
Slagelse Hallen;2253;5234;Slagelse;56;1030;667;176;220;91;98;199;387;344
Antvorskov;2104;4106;Slagelse;56;1031;616;165;134;55;94;157;445;391
Vesthallen;2766;4851;Slagelse;56;1032;905;206;186;74;120;209;524;484
Nordhallen;2717;5856;Slagelse;56;1033;843;196;250;58;115;230;536;418
Vestermose;598;1038;Slagelse;56;1034;192;54;42;19;28;32;83;134
Stillinge;1181;2003;Slagelse;56;1035;435;75;64;26;41;70;200;250
Havrebjerg Heldagsskole;261;454;Slagelse;56;1036;85;21;18;3;9;19;45;58
Lemvig;2943;5414;Struer;11;1037;805;263;139;74;143;220;553;683
Nørre Nissum;1228;1999;Struer;11;1038;279;109;66;35;65;140;187;314
Klinkby;961;1623;Struer;11;1039;247;89;28;17;42;98;139;280
Ramme;853;1565;Struer;11;1040;249;69;58;8;28;80;110;240
Bøvling;609;1131;Struer;11;1041;205;42;28;22;25;36;57;181
Flynder;600;1072;Struer;11;1042;181;65;22;8;19;29;60;197
Thyborøn;725;1624;Struer;11;1043;293;53;25;8;16;36;99;181
Harboøre;767;1453;Struer;11;1044;228;104;40;8;22;33;109;208
Struer;3377;6239;Struer;11;1045;1037;279;211;63;146;278;753;537
Gimsing;978;1706;Struer;11;1046;272;108;47;29;53;80;195;175
Hjerm;827;1317;Struer;11;1047;235;102;35;30;37;47;123;199
Humlum;805;1364;Struer;11;1048;214;73;56;18;22;65;164;180
Bremdal;957;1480;Struer;11;1049;228;104;53;25;53;77;189;212
Langhøj;1027;1656;Struer;11;1050;315;99;43;14;40;57;114;326
Hvidbjerg;1392;2510;Struer;11;1051;406;226;66;19;57;94;210;284
Byen;5931;11409;Svendborg;45;1052;1287;724;730;125;332;792;1159;617
Nordre;1346;2640;Svendborg;45;1053;357;133;175;20;62;171;303;78
Østre;2667;5016;Svendborg;45;1054;673;278;293;31;130;369;613;210
Bjerreby/Landet;940;1640;Svendborg;45;1055;268;134;86;20;38;101;145;129
Bregninge;2094;3144;Svendborg;45;1056;498;340;164;44;144;210;365;279
Drejø;36;53;Svendborg;45;1057;9;4;1;1;3;4;6;7
Egense;1370;1978;Svendborg;45;1058;293;221;104;43;75;171;252;188
Skårup;1206;2006;Svendborg;45;1059;295;130;81;18;92;163;200;182
Thurø;1900;2767;Svendborg;45;1060;482;300;94;41;124;221;308;286
Tved;1246;2193;Svendborg;45;1061;379;168;89;16;33;116;283;141
Kirkeby;653;1024;Svendborg;45;1062;215;56;70;9;26;62;118;85
Ollerup;1002;1592;Svendborg;45;1063;211;104;146;12;68;171;140;131
Stenstrup;1054;1976;Svendborg;45;1064;329;147;90;15;27;86;204;142
V.Skerninge;1319;2182;Svendborg;45;1065;263;157;143;23;72;218;207;196
Gudbjerg;604;980;Svendborg;45;1066;146;102;59;10;18;65;80;102
Gudme;672;1210;Svendborg;45;1067;172;114;39;6;44;56;123;102
Hesselager;643;1140;Svendborg;45;1068;198;107;52;7;22;50;105;93
Oure;889;1440;Svendborg;45;1069;182;113;98;15;48;117;159;134
Bagenkop;423;798;Svendborg;45;1070;155;76;22;5;17;37;50;50
Humble;723;1357;Svendborg;45;1071;204;141;52;11;20;84;88;109
Lindelse;512;974;Svendborg;45;1072;131;89;33;9;19;62;72;85
Rudkøbing;2174;4172;Svendborg;45;1073;583;254;180;29;61;501;300;217
Strynø;110;144;Svendborg;45;1074;17;7;17;4;0;34;20;10
Tullebølle;757;1475;Svendborg;45;1075;188;126;55;10;25;127;91;113
Lejbølle;317;517;Svendborg;45;1076;79;44;34;2;8;65;37;40
Hou;545;951;Svendborg;45;1077;186;73;49;6;17;68;72;65
Nordborg;2471;4532;Sønderborg;40;1078;963;183;139;55;65;114;491;407
Havnbjerg;1186;2163;Sønderborg;40;1079;407;62;68;25;23;71;315;185
Egen;1513;2812;Sønderborg;40;1080;572;97;77;28;32;47;345;273
Fynshav;1027;1923;Sønderborg;40;1081;346;77;50;19;37;64;177;228
Augustenborg;1733;2957;Sønderborg;40;1082;634;163;80;31;60;99;344;290
Hørup;1543;2495;Sønderborg;40;1083;376;188;50;55;65;97;261;420
Sydals;985;1917;Sønderborg;40;1084;318;74;65;22;34;53;144;246
Kegnæs;266;399;Sønderborg;40;1085;87;25;13;8;9;21;47;54
Humlehøj, Sønderborg;3416;6535;Sønderborg;40;1086;1164;276;195;74;128;199;694;598
Sønderskov, Sønderborg;2965;5642;Sønderborg;40;1087;1000;242;189;81;127;193;638;422
Biblioteket, Sønderborg;2988;5664;Sønderborg;40;1088;812;274;179;92;192;216;552;588
Dybbøl;2681;4458;Sønderborg;40;1089;759;278;98;57;148;157;475;631
Vester Sottrup;1299;2356;Sønderborg;40;1090;435;109;54;31;39;57;234;311
Ullerup;848;1406;Sønderborg;40;1091;289;68;61;22;32;35;148;165
Broager;1971;3505;Sønderborg;40;1092;606;159;99;43;57;81;444;421
Gråsten;3357;6019;Sønderborg;40;1093;1203;237;159;72;108;180;681;645
Kværs;370;690;Sønderborg;40;1094;148;20;22;10;6;10;67;73
Sejerslev;374;657;Thisted;7;1095;113;24;30;7;12;25;80;83
Flade;303;514;Thisted;7;1096;90;11;28;6;10;30;49;71
Bjergby;205;300;Thisted;7;1097;52;8;9;3;13;15;31;72
Sundby;298;478;Thisted;7;1098;91;16;25;4;9;27;59;62
Solbjerg;197;332;Thisted;7;1099;65;13;15;4;4;7;22;65
Thorup;206;320;Thisted;7;1100;56;24;10;10;10;21;27;45
Ø. Jølby;358;728;Thisted;7;1101;98;29;14;8;9;16;58;117
Erslev;277;508;Thisted;7;1102;107;20;20;1;6;17;46;56
Tødsø;348;669;Thisted;7;1103;109;25;19;8;6;17;62;97
Frøslev;268;473;Thisted;7;1104;89;28;12;7;6;11;48;61
Tæbring;241;485;Thisted;7;1105;75;22;8;2;9;8;48;66
Fredsø;391;663;Thisted;7;1106;115;26;21;12;6;30;57;117
Vils;327;647;Thisted;7;1107;93;32;7;9;12;12;53;99
Karby;388;706;Thisted;7;1108;141;21;25;15;9;24;45;98
Redsted;270;505;Thisted;7;1109;93;20;11;9;4;11;37;77
Ørding;285;493;Thisted;7;1110;79;37;9;9;4;15;45;80
Ø. Assels;264;523;Thisted;7;1111;122;15;12;3;4;9;42;51
Nykøbing;3522;7214;Thisted;7;1112;1018;242;222;81;92;250;884;647
Thisted By;3424;7100;Thisted;7;1113;889;289;251;101;111;304;802;619
Harring-Stagstrup;578;943;Thisted;7;1114;174;48;25;9;20;42;133;113
Hillerslev-Kåstrup;390;737;Thisted;7;1115;111;31;22;8;11;24;57;121
Hundborg-Jannerup;395;769;Thisted;7;1116;118;36;26;12;12;51;69;66
Vorupør;277;505;Thisted;7;1117;125;10;7;4;6;15;54;55
Nors-Tved;699;1219;Thisted;7;1118;192;87;33;12;17;36;100;211
Sennels;591;960;Thisted;7;1119;132;73;15;23;18;39;115;163
Sjørring-Thorsted;597;1092;Thisted;7;1120;148;56;38;14;21;54;133;129
Skjoldborg-Kallerup;277;491;Thisted;7;1121;82;31;23;5;9;19;38;68
Snedsted-Nørhå;827;1556;Thisted;7;1122;303;73;53;13;14;60;168;124
Sønderhå-Hørsted;202;306;Thisted;7;1123;65;18;13;4;6;19;17;54
Thisted Landsogn;1749;3099;Thisted;7;1124;504;162;86;55;71;126;370;338
Vang-Tvorup;175;323;Thisted;7;1125;55;23;13;1;7;23;22;25
Skinnerup, V Og Ø Vandet;290;468;Thisted;7;1126;81;34;25;5;4;17;34;85
Øsløs, Vesløs Og Arup;545;919;Thisted;7;1127;143;32;62;15;14;50;97;114
Østerild, Hunstrup;406;844;Thisted;7;1128;142;27;20;4;6;16;56;128
Hanstholm;749;1487;Thisted;7;1129;278;46;25;9;21;29;110;220
Ræhr/Vigsø;349;718;Thisted;7;1130;135;25;18;13;7;15;41;90
Klitmøller;385;665;Thisted;7;1131;99;26;33;4;26;40;76;72
Frøstrup;458;848;Thisted;7;1132;111;24;46;8;13;34;108;101
Lild;152;227;Thisted;7;1133;25;10;13;3;8;26;32;33
Bedsted;888;1626;Thisted;7;1134;290;103;50;18;27;66;127;191
Hurup;1395;2636;Thisted;7;1135;383;208;68;20;31;70;249;346
Koldby;776;1429;Thisted;7;1136;250;84;46;16;20;73;112;158
Vestervig;774;1341;Thisted;7;1137;222;112;45;13;14;41;128;183
Ydby;533;965;Thisted;7;1138;154;51;37;9;21;52;79;123
Bredebro;758;1481;Tønder;38;1139;241;81;24;25;8;36;126;202
Ballum;302;547;Tønder;38;1140;88;29;18;13;4;14;46;85
Visby;200;439;Tønder;38;1141;63;8;15;2;3;9;28;69
Højer;702;1371;Tønder;38;1142;223;44;28;12;21;35;142;184
Sdr. Sejerslev;266;481;Tønder;38;1143;68;24;14;13;7;13;33;85
Møgeltønder;495;881;Tønder;38;1144;144;47;27;21;8;38;87;109
Løgumkloster;1330;2562;Tønder;38;1145;433;142;53;33;50;63;179;352
Nr. Løgum;521;998;Tønder;38;1146;156;55;27;14;15;19;68;151
Bedsted;315;601;Tønder;38;1147;98;31;23;8;2;21;28;90
Øster Højst;358;657;Tønder;38;1148;121;31;19;4;11;9;33;120
Agerskov;866;1590;Tønder;38;1149;264;100;42;16;17;29;106;271
Arrild;336;576;Tønder;38;1150;103;31;18;8;12;16;29;108
Branderup;204;415;Tønder;38;1151;69;21;8;6;7;7;13;64
Døstrup;246;509;Tønder;38;1152;78;32;13;9;4;10;25;68
Toftlund;1703;3125;Tønder;38;1153;561;168;57;28;58;70;297;406
Brøns;408;777;Tønder;38;1154;129;38;31;5;13;20;60;103
Tønder;3071;6191;Tønder;38;1155;771;367;181;58;138;307;609;574
Abild;456;832;Tønder;38;1156;157;36;27;5;13;26;56;121
Hostrup;432;804;Tønder;38;1157;112;39;20;14;16;39;58;123
Rømø;280;481;Tønder;38;1158;79;37;21;8;12;25;31;62
Skærbæk;1403;2862;Tønder;38;1159;476;156;66;44;27;57;242;311
Vodder;304;511;Tønder;38;1160;90;28;9;10;3;12;23;121
Hollænderhallen;6195;10206;Tårnby;81;1161;1788;788;338;251;455;500;973;984
Vestamager;2402;4482;Tårnby;81;1162;1041;172;194;54;92;169;397;241
Pilegården;2958;5122;Tårnby;81;1163;1030;233;247;64;138;313;541;339
Tårnby;2494;4835;Tårnby;81;1164;895;128;235;39;125;238;544;224
Korsvejen;2144;4106;Tårnby;81;1165;647;96;224;57;115;254;496;203
Løjtegården;2037;3657;Tårnby;81;1166;686;148;171;48;129;198;377;234
Kastrup;4314;8507;Tårnby;81;1167;1670;197;508;64;178;435;863;306
Herstedøster Skole;2615;4411;Taastrup;78;1168;579;178;470;52;114;413;516;232
Egelundskolen;2156;3308;Taastrup;78;1169;645;144;268;37;100;281;464;161
Herstedlund Skole;1523;3084;Taastrup;78;1170;450;58;251;24;100;217;308;90
Musikteatret;1615;3278;Taastrup;78;1171;582;43;287;19;29;190;372;50
Herstedvester Skole;2445;4253;Taastrup;78;1172;564;96;367;46;151;438;594;145
Selsmoseskolen;1066;2412;Taastrup;78;1173;360;103;116;19;40;96;213;85
Parkskolen;1886;3225;Taastrup;78;1174;584;244;141;45;124;151;372;184
Grønhøjskolen;1595;2455;Taastrup;78;1175;480;236;91;48;78;112;313;202
Taastrup Kulturcenter;1363;2141;Taastrup;78;1176;449;183;73;19;57;125;272;146
Borgerskolen;1115;1624;Taastrup;78;1177;340;148;80;16;42;121;227;118
Gadehaveskolen;1926;4160;Taastrup;78;1178;595;201;164;45;134;175;394;179
Rønnevangshallen;1735;3138;Taastrup;78;1179;593;174;164;27;51;125;413;141
Torstorp Skole;1445;2776;Taastrup;78;1180;539;135;125;20;60;126;257;147
Sengeløse;1161;1874;Taastrup;78;1181;360;149;70;29;63;101;175;190
Charlotteskolen;850;1891;Taastrup;78;1182;288;101;62;19;31;62;159;105
Fritidscentret Hedehuset;1969;3441;Taastrup;78;1183;728;173;129;38;88;195;336;226
Fløng Hallen;1884;2987;Taastrup;78;1184;556;265;120;39;90;157;370;250
Reerslev Skole;406;620;Taastrup;78;1185;120;48;29;5;31;34;74;56
Varde By;5325;10590;Varde;25;1186;1737;439;263;136;172;371;886;1212
Sig;533;833;Varde;25;1187;139;51;19;11;21;26;82;170
Billum;371;593;Varde;25;1188;108;20;24;6;11;29;54;110
Tinghøj;356;627;Varde;25;1189;99;22;17;13;11;18;40;128
Alslev;635;1112;Varde;25;1190;211;43;24;9;12;44;121;157
Horne;492;864;Varde;25;1191;149;17;17;10;18;18;55;192
Janderup;578;998;Varde;25;1192;168;34;31;12;26;41;75;178
Lunde;536;982;Varde;25;1193;182;41;22;9;19;26;53;177
Nørre Nebel;957;1778;Varde;25;1194;341;51;45;15;38;74;119;255
Henne;336;580;Varde;25;1195;103;41;20;8;8;19;23;110
Outrup;654;1199;Varde;25;1196;198;42;34;12;21;25;70;237
Oksbøl;1631;2799;Varde;25;1197;591;138;64;34;45;111;223;392
Blåvand;287;452;Varde;25;1198;108;24;8;10;6;19;37;67
Årre;513;888;Varde;25;1199;165;41;26;8;15;22;63;163
Agerbæk;681;1229;Varde;25;1200;214;38;16;12;27;26;83;242
Fåborg;321;510;Varde;25;1201;113;24;11;7;7;14;19;121
Næsbjerg;652;1054;Varde;25;1202;187;50;17;18;24;22;84;234
Starup;464;823;Varde;25;1203;138;39;12;13;17;16;45;167
Nordenskov;643;1013;Varde;25;1204;162;58;24;10;15;35;59;261
Ølgod;2437;4429;Varde;25;1205;754;291;106;36;111;88;259;735
Tistrup;796;1480;Varde;25;1206;214;54;30;16;28;38;88;307
Ansager;726;1406;Varde;25;1207;230;63;31;8;21;31;121;195
Skovlund;421;621;Varde;25;1208;103;35;20;11;15;32;37;165
Billund;2599;4755;Vejen;26;1209;786;301;96;83;109;132;362;670
Sdr. Omme;889;1701;Vejen;26;1210;307;79;27;19;26;42;138;233
Vorbasse;847;1596;Vejen;26;1211;260;75;45;23;31;59;115;217
Filskov;423;794;Vejen;26;1212;151;36;14;3;12;15;35;146
St./Krogager;357;711;Vejen;26;1213;128;19;13;6;9;17;24;131
Grindsted;3876;8060;Vejen;26;1214;1172;339;177;93;105;201;687;1033
Hejnsvig;749;1529;Vejen;26;1215;282;72;17;16;16;26;86;222
Brørup;2216;4150;Vejen;26;1216;673;196;83;70;54;105;381;590
Lindknud;344;659;Vejen;26;1217;129;28;13;5;9;14;33;108
Holsted;1438;2698;Vejen;26;1218;463;127;67;39;47;77;200;374
Føvling;485;865;Vejen;26;1219;148;44;26;23;14;23;35;158
Glejbjerg;532;936;Vejen;26;1220;158;49;23;17;6;13;49;211
Hovborg;245;438;Vejen;26;1221;61;34;9;12;12;17;27;70
Rødding;1465;2677;Vejen;26;1222;423;211;66;32;56;79;197;366
Sdr. Hygum;377;707;Vejen;26;1223;88;46;20;14;2;32;39;128
Jels;1053;1876;Vejen;26;1224;334;107;34;20;46;62;127;295
Lintrup;338;547;Vejen;26;1225;95;38;3;4;7;6;33;143
Skodborg;734;1325;Vejen;26;1226;217;71;45;12;12;32;105;222
Københoved;221;344;Vejen;26;1227;51;29;10;11;6;10;12;91
Øster Lindet;349;596;Vejen;26;1228;97;40;13;11;8;18;47;108
Vejen;3482;6695;Vejen;26;1229;1075;336;175;85;145;191;691;688
Læborg;343;520;Vejen;26;1230;95;26;15;5;8;14;46;131
Askov-Malt;1337;2172;Vejen;26;1231;300;131;42;63;95;100;213;371
Andst;645;1078;Vejen;26;1232;179;48;24;13;14;47;86;200
Gesten;655;1076;Vejen;26;1233;233;37;30;20;26;31;97;171
Bække;808;1587;Vejen;26;1234;298;57;28;34;26;35;96;220
Skibethallen Nord;1085;1636;Vejle Nord;27;1235;279;86;61;38;99;76;188;237
Give Nord;2357;4418;Vejle Nord;27;1236;829;256;77;55;82;95;343;568
Thyregod Nord;1061;1750;Vejle Nord;27;1237;482;67;47;17;49;49;119;204
Gadbjerg Nord;550;975;Vejle Nord;27;1238;165;49;28;14;16;35;74;147
Givskud Nord;528;884;Vejle Nord;27;1239;187;30;16;11;9;32;66;165
Grønbjerg Nord;469;780;Vejle Nord;27;1240;165;45;15;16;19;27;32;139
Lindeballe Nord;231;376;Vejle Nord;27;1241;70;15;14;6;13;9;29;72
Øster Nykirke Nord;663;1240;Vejle Nord;27;1242;245;58;30;15;26;39;88;153
Jelling Nord;1953;3039;Vejle Nord;27;1243;354;159;99;40;169;258;398;408
Kollerup-Sandvad Nord;729;1288;Vejle Nord;27;1244;240;48;39;8;38;67;72;205
Grejs Nord;626;1042;Vejle Nord;27;1245;155;61;27;21;32;59;111;139
Bredsten Nord;1024;1633;Vejle Nord;27;1246;319;83;37;24;49;57;165;264
Nørup Nord;726;1200;Vejle Nord;27;1247;219;58;39;22;30;58;71;211
Randbøl Nord;724;1158;Vejle Nord;27;1248;219;76;18;18;33;50;104;183
Nørremarkshallen Nord;2414;4445;Vejle Nord;27;1249;643;210;145;54;149;259;520;365
Engum Nord;548;897;Vejle Nord;27;1250;139;47;26;31;23;31;110;132
Hældagerhallen Nord;4047;6286;Vejle Nord;27;1251;937;502;132;174;269;282;693;972
Grejsdalshallen Nord;996;1766;Vejle Nord;27;1252;278;67;76;30;87;116;180;137
Petersmindehallen Nord;1791;3062;Vejle Nord;27;1253;523;130;129;43;90;165;357;305
Brejning Syd;1224;2267;Vejle Syd;28;1254;356;91;99;25;60;100;274;181
Børkop Syd;2322;4178;Vejle Syd;28;1255;685;203;133;66;108;158;458;448
Gårslev Syd;1048;1553;Vejle Syd;28;1256;340;88;51;27;42;51;218;212
Smidstrup Syd;1035;1741;Vejle Syd;28;1257;334;79;54;36;32;52;136;286
Ødsted Syd;888;1448;Vejle Syd;28;1258;282;62;42;22;42;65;147;206
Egtved Syd;1621;2702;Vejle Syd;28;1259;463;140;66;47;84;73;244;467
Jerlev Syd;477;728;Vejle Syd;28;1260;172;24;21;16;30;25;77;99
Øster Starup Syd;893;1476;Vejle Syd;28;1261;265;64;48;23;38;68;151;214
Dgi-Huset Syd;4734;10809;Vejle Syd;28;1262;1430;314;411;161;251;411;885;708
Multihuset Højen Syd;616;942;Vejle Syd;28;1263;189;49;41;11;26;41;81;153
Vindinghallen Syd;2263;3558;Vejle Syd;28;1264;647;185;91;87;144;125;402;533
Mølholmhallen Syd;1739;2614;Vejle Syd;28;1265;430;188;77;61;135;167;275;380
Løget Kirke Syd;1118;2046;Vejle Syd;28;1266;377;55;81;21;68;116;221;143
Csv Syd;1325;2331;Vejle Syd;28;1267;383;90;98;38;74;144;291;169
Rødkilde Gymnasium Syd;1568;3217;Vejle Syd;28;1268;491;89;139;47;87;152;311;206
Frederiks;1321;2451;Viborg Vest;13;1269;418;100;70;23;45;89;231;306
Hald Ege;1576;2485;Viborg Vest;13;1270;277;119;107;42;109;205;286;400
Karup;1351;2617;Viborg Vest;13;1271;447;95;85;24;33;77;220;320
Løgstrup;1602;2569;Viborg Vest;13;1272;383;133;70;27;56;131;267;506
Mønsted;953;1791;Viborg Vest;13;1273;290;65;58;13;32;68;154;253
Stoholm;1321;2507;Viborg Vest;13;1274;403;88;80;38;58;85;205;317
Vridsted;963;1695;Viborg Vest;13;1275;365;52;47;15;41;54;125;234
Viborg;11082;21288;Viborg Vest;13;1276;2470;792;721;261;568;1119;2299;2582
Bjerringbro Nord;3051;5351;Viborg Øst;14;1277;898;310;128;76;160;232;481;683
Bjerringbro Syd;1179;2180;Viborg Øst;14;1278;383;96;58;24;33;90;218;242
Hammershøj;935;1777;Viborg Øst;14;1279;274;77;64;29;32;69;116;255
Møldrup;1766;3524;Viborg Øst;14;1280;536;163;68;30;52;86;235;563
Overlund;5630;9182;Viborg Øst;14;1281;1165;497;264;132;343;514;1098;1489
Rødding;1520;2645;Viborg Øst;14;1282;357;87;82;32;56;132;238;498
Rødkærsbro;1381;2379;Viborg Øst;14;1283;412;153;60;24;52;93;256;302
Skals;1546;2774;Viborg Øst;14;1284;391;117;66;40;43;117;244;487
Ørum;1359;2356;Viborg Øst;14;1285;363;121;70;33;58;107;214;365
Vordingborg;2421;4282;Vordingborg;59;1286;707;191;193;48;109;264;501;328
Masnedsund;1853;3242;Vordingborg;59;1287;584;95;190;31;70;227;425;194
Nyråd;1376;2195;Vordingborg;59;1288;324;142;110;33;75;158;278;230
Kastrup;1078;2071;Vordingborg;59;1289;355;70;107;10;35;96;200;176
Bårse;542;936;Vordingborg;59;1290;185;38;34;14;18;44;71;122
Lundby;1586;2943;Vordingborg;59;1291;566;141;145;25;54;153;223;252
Ørslev;935;1592;Vordingborg;59;1292;349;59;65;9;31;67;208;131
Stege;2634;4445;Vordingborg;59;1293;706;162;239;67;127;252;504;495
Østmøn;820;1339;Vordingborg;59;1294;261;48;74;24;29;94;130;145
Vestmøn;1134;1833;Vordingborg;59;1295;276;59;167;14;50;168;163;209
Bogø;591;870;Vordingborg;59;1296;163;24;47;7;39;76;131;94
Præstø;1919;3331;Vordingborg;59;1297;556;124;166;47;83;217;376;293
Allerslev;577;NULL;Vordingborg;59;1298;169;42;47;16;23;62;87;115
Jungshoved;408;633;Vordingborg;59;1299;126;18;57;10;22;49;69;49
Mern;833;1432;Vordingborg;59;1300;302;55;80;17;31;70;120;143
Kalvehave;1031;1728;Vordingborg;59;1301;363;65;92;14;51;120;171;134
Stensved;933;1536;Vordingborg;59;1302;334;72;69;18;19;84;186;134
Hovslund;351;650;Aabenraa;39;1303;131;28;24;3;8;12;47;90
Hellevad;346;652;Aabenraa;39;1304;102;24;18;4;8;23;54;104
Rødekro;2734;5156;Aabenraa;39;1305;930;194;131;52;96;113;470;677
Løjt;2043;3344;Aabenraa;39;1306;617;139;111;47;89;148;367;478
Hjordkær;802;1460;Aabenraa;39;1307;333;53;34;8;21;21;145;173
Ravsted;349;667;Aabenraa;39;1308;131;27;14;9;9;11;37;105
Bolderslev;858;1714;Aabenraa;39;1309;299;53;46;9;21;24;103;276
Ensted;1035;1720;Aabenraa;39;1310;312;104;56;32;41;62;161;249
Felsted;895;1639;Aabenraa;39;1311;320;65;63;12;18;33;127;223
Varnæs;520;940;Aabenraa;39;1312;171;37;27;11;23;20;75;145
Bylderup;937;1914;Aabenraa;39;1313;374;96;43;23;19;31;94;244
Tinglev;1259;2589;Aabenraa;39;1314;392;112;67;30;41;42;216;331
Kliplev;857;1688;Aabenraa;39;1315;301;74;35;11;25;43;116;227
Kruså;1632;3113;Aabenraa;39;1316;573;153;72;42;41;70;230;423
Padborg;1938;3732;Aabenraa;39;1317;766;138;105;44;45;84;310;407
Aabenraa Midt;3785;7079;Aabenraa;39;1318;1135;347;255;91;222;313;632;692
Aabenraa Syd;1662;3043;Aabenraa;39;1319;523;116;120;27;61;108;343;326
Aabenraa Nord;1018;1956;Aabenraa;39;1320;318;90;64;20;34;83;225;162
Gl. Lindholm Skole, Kulturhus;4210;9255;Aalborg Nord;4;1321;1093;263;488;122;222;440;1031;443
Løvvanghallen;3407;7920;Aalborg Nord;4;1322;1045;179;384;93;126;276;863;354
Vadumhallen;1148;2194;Aalborg Nord;4;1323;337;84;82;33;30;53;308;192
Sulsted Skolehal;2666;5114;Aalborg Nord;4;1324;753;202;177;81;114;169;556;549
Vodskov Skole;2901;5366;Aalborg Nord;4;1325;695;248;225;85;150;268;683;496
Aalborghallen;4616;10591;Aalborg Nord;4;1326;700;351;490;312;470;618;803;648
Vester Hassing Hallen;2103;4317;Aalborg Nord;4;1327;564;117;147;70;76;146;527;422
Hals Skole;1832;3635;Aalborg Nord;4;1328;645;97;163;58;30;120;385;311
Ulstedhallen;473;1112;Aalborg Nord;4;1329;154;25;62;5;7;20;100;91
Vesterkærets Skole;1849;4032;Aalborg Vest;5;1330;410;106;287;51;89;232;462;158
Haraldslund;2692;6338;Aalborg Vest;5;1331;447;152;323;125;231;386;548;358
Kærbyskolen;3353;6361;Aalborg Vest;5;1332;712;230;345;122;216;406;818;411
Hallen Ved Skalborggård;2142;4069;Aalborg Vest;5;1333;586;173;175;68;100;169;476;319
Kfum - Hallen;5683;9465;Aalborg Vest;5;1334;1052;732;396;282;418;583;1091;1041
Frejlev Skoles Idrætshal;2005;3791;Aalborg Vest;5;1335;529;169;139;56;115;155;375;439
Svenstruphallen;2729;5227;Aalborg Vest;5;1336;794;219;193;83;116;195;596;470
Ferslev Skolehal;1281;2486;Aalborg Vest;5;1337;425;92;99;34;40;90;276;191
Nibe Hallen;2549;4852;Aalborg Vest;5;1338;595;222;149;73;139;196;503;621
Farstruphallen;803;1628;Aalborg Vest;5;1339;226;53;61;26;16;59;157;191
Sønderbroskolen;3721;8488;Aalborg Øst;6;1340;795;220;411;177;326;455;765;405
Gigantium;4299;9224;Aalborg Øst;6;1341;946;265;503;178;275;489;995;490
Vejgaard - Hallen;2470;5252;Aalborg Øst;6;1342;544;136;271;82;189;337;563;266
Vejgaard Østre Skole;3041;5856;Aalborg Øst;6;1343;764;147;320;98;166;344;803;316
Mellervangskolens Idrætshal;1574;3061;Aalborg Øst;6;1344;451;108;191;30;66;157;369;153
Klaruphallen;2038;3467;Aalborg Øst;6;1345;549;188;113;62;111;148;489;331
Gug Skole;3620;6369;Aalborg Øst;6;1346;916;339;231;119;205;287;875;569
Gistrup Skoles Idrætshal;2500;4337;Aalborg Øst;6;1347;516;184;192;67;171;312;568;461
Tornhøjskolen, Hallen;2316;5512;Aalborg Øst;6;1348;640;102;336;55;132;258;536;197
Idrætscentret Kongerslev;735;1611;Aalborg Øst;6;1349;257;32;41;17;23;33;174;142
Mou - Hallen;979;1920;Aalborg Øst;6;1350;298;43;81;19;22;65;249;183
Båndby - Hallen;1745;3731;Aalborg Øst;6;1351;459;106;136;51;61;133;453;314
Gammelgårdskolen,Åbyhøj;2178;3181;Aarhus Nord;65;1352;369;151;171;54;209;416;475;271
Hasle Skole;3468;5943;Aarhus Nord;65;1353;526;262;324;118;324;620;758;396
Skovvangskolen;5919;9789;Aarhus Nord;65;1354;716;309;650;209;754;1190;1189;696
Møllevangskolen;6068;10604;Aarhus Nord;65;1355;751;433;642;306;724;1089;1116;788
Lisbjergskolen;695;1260;Aarhus Nord;65;1356;127;37;73;21;67;116;139;94
Lystrup Skole;4880;8111;Aarhus Nord;65;1357;1156;366;444;147;205;490;1161;793
Bjørnshøjcentret,Trige;1156;2204;Aarhus Nord;65;1358;328;62;126;37;46;127;239;158
Spørring Fælleshus;462;717;Aarhus Nord;65;1359;122;37;40;12;21;50;87;87
Hårup Hallen;849;1427;Aarhus Nord;65;1360;219;68;69;16;32;81;155;192
Center -10 (Frydenlundskolen);4711;8850;Aarhus Nord;65;1361;841;267;623;149;421;853;1053;388
Katrinebjergskolen;2932;4690;Aarhus Nord;65;1362;374;196;304;130;381;540;570;331
Vorrevangskolen;1691;3163;Aarhus Nord;65;1363;408;65;235;28;93;328;373;104
Frederiksbjerg Hallerne;8216;13528;Aarhus Syd;68;1364;1058;587;717;384;1007;1502;1496;1218
Lokalcenter Fr.Bjerg/Langenæs;3552;6335;Aarhus Syd;68;1365;554;264;378;125;365;590;692;456
Rundhøjhallen,Holme;3850;6543;Aarhus Syd;68;1366;832;291;378;106;252;531;815;552
Kragelundskolen,Højbjerg;2566;4177;Aarhus Syd;68;1367;436;189;211;95;278;400;556;345
Tranbjerg Skole;4058;6574;Aarhus Syd;68;1368;1250;271;319;86;162;398;895;614
Beder Skole;2289;3386;Aarhus Syd;68;1369;418;184;175;70;179;380;472;376
Malling Skole;2448;3765;Aarhus Syd;68;1370;502;134;204;61;179;419;523;381
Mårslet Skole;2666;3881;Aarhus Syd;68;1371;424;207;191;99;235;431;567;464
Solbjergskolen;2311;3723;Aarhus Syd;68;1372;608;148;144;74;117;256;427;502
Skåde Skole;3005;4653;Aarhus Syd;68;1373;520;344;195;159;306;331;440;649
Rosenvangskolen,Viby J;3427;5481;Aarhus Vest;67;1374;609;265;267;125;380;525;681;488
Viby Hallen;4633;8771;Aarhus Vest;67;1375;1128;306;442;124;323;608;1028;533
Ormslev Præstegård;302;444;Aarhus Vest;67;1376;62;17;26;7;24;54;48;54
Hasselager Hallen;2784;4896;Aarhus Vest;67;1377;786;161;223;65;152;296;592;442
Højvangskolen,Stavtrup;2382;3536;Aarhus Vest;67;1378;458;171;196;72;169;431;507;340
Brabrand Hallen,Brabrand;3776;5781;Aarhus Vest;67;1379;760;327;287;129;336;535;797;552
Globus 1, Brabrand;1628;5006;Aarhus Vest;67;1380;317;110;200;37;143;281;351;126
Skjoldhøjskolen;2537;4529;Aarhus Vest;67;1381;763;105;289;54;146;356;502;271
Tilst Skole,Tilst;2879;5996;Aarhus Vest;67;1382;827;197;246;64;157;296;641;378
Næshøj Hallen, Harlev;2078;3300;Aarhus Vest;67;1383;548;153;133;77;112;207;436;362
Borum Forsamlingshus;336;536;Aarhus Vest;67;1384;76;7;42;8;27;41;67;60
Sabro-Korsvejskolen,Sabro;1426;2540;Aarhus Vest;67;1385;416;105;95;39;60;126;301;254
Søndervangskolen,Viby J;1073;2564;Aarhus Vest;67;1386;356;50;83;28;54;101;264;104
Åby Skole;2987;5043;Aarhus Vest;67;1387;523;176;357;71;239;585;668;298
Rådhushallen;7271;13609;Aarhus Øst;66;1388;666;492;624;368;1058;1430;1282;1086
Samsøgades Skole;8081;13808;Aarhus Øst;66;1389;674;504;861;353;1206;1768;1418;1004
Bellevue-Hallen;5197;7534;Aarhus Øst;66;1390;741;542;271;255;566;783;942;997
Virupskolen,Hjortshøj;1737;2538;Aarhus Øst;66;1391;238;81;185;43;135;433;423;169
Sølystskolen,Egå;2370;3679;Aarhus Øst;66;1392;592;201;131;92;160;268;438;441
Skæring Skole;2298;3724;Aarhus Øst;66;1393;589;200;145;114;137;210;383;468
Skødstrup Hallen;3441;5797;Aarhus Øst;66;1394;802;232;230;140;270;406;656;629
Vejlby Risskov Hallen;4465;7884;Aarhus Øst;66;1395;669;279;527;130;424;878;962;452
Ellevangskolen,Risskov;3796;5899;Aarhus Øst;66;1396;737;282;298;124;358;599;816;510
